id;pos_x;pos_y;pos_z;degree;isAtSampleBorder
0;-255.0;-37.0;0.0;1;1
1;-163.0;-47.0;0.0;1;1
2;-194.0;-63.0;0.0;1;1
3;-143.0;-103.0;0.0;1;1
4;-154.0;-108.0;0.0;1;1
5;-85.0;-116.0;0.0;1;1
6;-223.0;-124.0;0.0;1;1
7;-123.0;-142.0;0.0;1;1
8;-36.0;-151.0;0.0;1;1
9;-128.0;-164.0;0.0;1;1
10;-295.0;-176.0;0.0;1;1
11;-178.0;-198.0;0.0;1;1
12;-215.0;-201.0;0.0;1;1
13;-78.0;-232.0;0.0;1;1
14;-40.0;-234.0;0.0;1;1
15;-292.0;-122.0;3.0;1;0
16;-242.0;-294.0;3.0;1;0
17;-268.0;-67.0;4.0;1;0
18;-121.0;-122.0;4.0;1;0
19;-19.0;-262.0;4.0;1;0
20;-204.0;-33.0;5.0;1;0
21;-141.0;-60.0;5.0;1;0
22;-168.0;-102.0;5.0;1;0
23;-310.0;-118.0;5.0;1;0
24;-106.0;-141.0;5.0;1;0
25;-66.0;-250.0;5.0;1;0
26;-228.0;-293.0;5.0;1;0
27;-287.0;-192.0;6.0;1;0
28;-305.0;-274.0;6.0;1;0
29;-188.0;-29.0;7.0;1;0
30;-126.0;-61.0;7.0;1;0
31;-9.0;-108.0;7.0;1;0
32;-116.0;-122.0;7.0;1;0
33;-304.0;-148.0;7.0;1;0
34;-138.0;-225.0;7.0;1;0
35;-97.0;-230.0;7.0;1;0
36;-122.0;-245.0;7.0;1;0
37;-93.0;-246.0;7.0;1;0
38;-159.0;-287.0;7.0;1;0
39;-276.0;-289.0;7.0;1;0
40;-177.0;-293.0;7.0;1;0
41;-135.0;-42.0;8.0;1;0
42;-88.0;-47.0;8.0;1;0
43;-59.0;-118.0;8.0;1;0
44;-82.0;-86.0;9.0;1;0
45;-19.0;-125.0;9.0;1;0
46;-42.0;-208.0;9.0;1;0
47;-123.0;-210.0;9.0;1;0
48;-222.0;-216.0;9.0;1;0
49;-72.0;-264.0;9.0;1;0
50;-77.0;-291.0;9.0;1;0
51;-148.0;-202.0;11.0;1;0
52;-20.0;-289.0;11.0;1;0
53;-10.0;-36.0;12.0;1;0
54;-291.0;-38.0;12.0;1;0
55;-149.0;-87.0;12.0;1;0
56;-18.0;-216.0;12.0;1;0
57;-49.0;-291.0;12.0;1;0
58;-124.0;-292.0;12.0;1;0
59;-62.0;-64.0;13.0;1;0
60;-310.0;-187.0;13.0;1;0
61;-278.0;-230.0;13.0;1;0
62;-52.0;-55.0;14.0;1;0
63;-314.0;-136.0;14.0;1;0
64;-52.0;-170.0;14.0;1;0
65;-303.0;-256.0;14.0;1;0
66;-241.0;-33.0;15.0;1;0
67;-178.0;-126.0;16.0;1;0
68;-16.0;-128.0;17.0;1;0
69;-7.0;-144.0;17.0;1;0
70;-52.0;-49.0;18.0;1;0
71;-139.0;-147.0;18.0;1;0
72;-172.0;-218.0;18.0;1;0
73;-25.0;-292.0;18.0;1;0
74;-136.0;-292.0;18.0;1;0
75;-209.0;-292.0;18.0;1;0
76;-94.0;-80.0;19.0;1;0
77;-132.0;-128.0;19.0;1;0
78;-315.0;-169.0;19.0;1;0
79;-45.0;-213.0;19.0;1;0
80;-183.0;-127.0;20.0;1;0
81;-220.0;-135.0;20.0;1;0
82;-51.0;-89.0;21.0;1;0
83;-113.0;-138.0;21.0;1;0
84;-291.0;-204.0;21.0;1;0
85;-184.0;-144.0;23.0;1;0
86;-172.0;-186.0;23.0;1;0
87;-313.0;-197.0;24.0;1;0
88;-193.0;-270.0;24.0;1;0
89;-310.0;-291.0;25.0;1;0
90;-40.0;-292.0;25.0;1;0
91;-74.0;-31.0;26.0;1;0
92;-197.0;-40.0;26.0;1;0
93;-100.0;-32.0;27.0;1;0
94;-156.0;-118.0;28.0;1;0
95;-170.0;-293.0;28.0;1;0
96;-238.0;-258.0;29.0;1;0
97;-201.0;-142.0;30.0;1;0
98;-7.0;-216.0;32.0;1;0
99;-311.0;-274.0;32.0;1;0
100;-211.0;-291.0;32.0;1;0
101;-209.0;-79.0;34.0;1;0
102;-167.0;-72.0;36.0;1;0
103;-88.0;-91.0;36.0;1;0
104;-8.0;-154.0;37.0;1;0
105;-8.0;-245.0;38.0;1;0
106;-182.0;-30.0;39.0;1;0
107;-102.0;-149.0;39.0;1;0
108;-200.0;-185.0;39.0;1;0
109;-81.0;-32.0;40.0;1;0
110;-152.0;-126.0;40.0;1;0
111;-271.0;-166.0;41.0;1;0
112;-313.0;-262.0;41.0;1;0
113;-238.0;-221.0;42.0;1;0
114;-116.0;-75.0;43.0;1;0
115;-13.0;-184.0;43.0;1;0
116;-59.0;-292.0;43.0;1;0
117;-10.0;-90.0;44.0;1;0
118;-59.0;-94.0;44.0;1;0
119;-314.0;-197.0;44.0;1;0
120;-102.0;-223.0;44.0;1;0
121;-172.0;-283.0;44.0;1;0
122;-228.0;-28.0;45.0;1;0
123;-190.0;-188.0;45.0;1;0
124;-92.0;-157.0;46.0;1;0
125;-228.0;-162.0;46.0;1;0
126;-7.0;-147.0;47.0;1;0
127;-287.0;-227.0;47.0;1;0
128;-202.0;-97.0;48.0;1;0
129;-294.0;-123.0;49.0;1;0
130;-241.0;-157.0;49.0;1;0
131;-312.0;-233.0;49.0;1;0
132;-143.0;-293.0;49.0;1;0
133;-312.0;-285.0;50.0;1;0
134;-50.0;-286.0;51.0;1;0
135;-283.0;-156.0;52.0;1;0
136;-184.0;-171.0;52.0;1;0
137;-150.0;-282.0;52.0;1;0
138;-158.0;-51.0;53.0;1;0
139;-276.0;-65.0;53.0;1;0
140;-314.0;-198.0;53.0;1;0
141;-170.0;-292.0;54.0;1;0
142;-199.0;-32.0;55.0;1;0
143;-9.0;-292.0;55.0;1;0
144;-121.0;-292.0;55.0;1;0
145;-154.0;-209.0;56.0;1;0
146;-167.0;-88.0;57.0;1;0
147;-229.0;-199.0;57.0;1;0
148;-16.0;-251.0;57.0;1;0
149;-55.0;-27.0;58.0;1;0
150;-86.0;-71.0;58.0;1;0
151;-315.0;-152.0;58.0;1;0
152;-291.0;-178.0;60.0;1;0
153;-8.0;-180.0;60.0;1;0
154;-276.0;-186.0;60.0;1;0
155;-162.0;-53.0;61.0;1;0
156;-55.0;-54.0;61.0;1;0
157;-181.0;-60.0;61.0;1;0
158;-204.0;-202.0;61.0;1;0
159;-314.0;-69.0;62.0;1;0
160;-49.0;-166.0;62.0;1;0
161;-121.0;-185.0;62.0;1;0
162;-226.0;-286.0;62.0;1;0
163;-309.0;-51.0;63.0;1;0
164;-123.0;-199.0;63.0;1;0
165;-235.0;-295.0;63.0;1;0
166;-207.0;-170.0;64.0;1;0
167;-119.0;-131.0;65.0;1;0
168;-59.0;-293.0;65.0;1;0
169;-8.0;-38.0;66.0;1;0
170;-67.0;-191.0;66.0;1;0
171;-315.0;-136.0;67.0;1;0
172;-9.0;-262.0;67.0;1;0
173;-94.0;-293.0;67.0;1;0
174;-223.0;-60.0;68.0;1;0
175;-309.0;-123.0;69.0;1;0
176;-143.0;-174.0;70.0;1;0
177;-10.0;-248.0;70.0;1;0
178;-47.0;-66.0;71.0;1;0
179;-199.0;-90.0;71.0;1;0
180;-9.0;-100.0;71.0;1;0
181;-91.0;-29.0;72.0;1;0
182;-189.0;-83.0;72.0;1;0
183;-60.0;-184.0;72.0;1;0
184;-245.0;-294.0;72.0;1;0
185;-310.0;-60.0;73.0;1;0
186;-149.0;-74.0;73.0;1;0
187;-200.0;-114.0;73.0;1;0
188;-104.0;-151.0;73.0;1;0
189;-128.0;-202.0;73.0;1;0
190;-9.0;-193.0;74.0;1;0
191;-23.0;-102.0;77.0;1;0
192;-173.0;-135.0;77.0;1;0
193;-9.0;-160.0;77.0;1;0
194;-313.0;-212.0;77.0;1;0
195;-48.0;-89.0;78.0;1;0
196;-297.0;-247.0;78.0;1;0
197;-309.0;-252.0;78.0;1;0
198;-163.0;-140.0;79.0;1;0
199;-205.0;-291.0;79.0;1;0
200;-77.0;-50.0;80.0;1;0
201;-194.0;-262.0;80.0;1;0
202;-122.0;-50.0;81.0;1;0
203;-237.0;-98.0;83.0;1;0
204;-152.0;-292.0;83.0;1;0
205;-65.0;-293.0;83.0;1;0
206;-208.0;-30.0;84.0;1;0
207;-263.0;-100.0;84.0;1;0
208;-99.0;-124.0;84.0;1;0
209;-140.0;-134.0;84.0;1;0
210;-68.0;-32.0;85.0;1;0
211;-7.0;-63.0;85.0;1;0
212;-247.0;-89.0;85.0;1;0
213;-155.0;-255.0;86.0;1;0
214;-61.0;-257.0;86.0;1;0
215;-164.0;-213.0;87.0;1;0
216;-45.0;-291.0;87.0;1;0
217;-65.0;-193.0;88.0;1;0
218;-238.0;-258.0;88.0;1;0
219;-233.0;-35.0;89.0;1;0
220;-6.0;-217.0;89.0;1;0
221;-99.0;-36.0;90.0;1;0
222;-214.0;-86.0;90.0;1;0
223;-311.0;-287.0;90.0;1;0
224;-313.0;-192.0;92.0;1;0
225;-136.0;-217.0;92.0;1;0
226;-313.0;-241.0;92.0;1;0
227;-233.0;-281.0;92.0;1;0
228;-119.0;-272.0;93.0;1;0
229;-184.0;-291.0;94.0;1;0
230;-248.0;-102.0;95.0;1;0
231;-161.0;-115.0;95.0;1;0
232;-315.0;-211.0;95.0;1;0
233;-134.0;-292.0;95.0;1;0
234;-234.0;-44.0;96.0;1;0
235;-314.0;-47.0;96.0;1;0
236;-11.0;-79.0;96.0;1;0
237;-12.0;-145.0;97.0;1;0
238;-241.0;-35.0;98.0;1;0
239;-314.0;-123.0;98.0;1;0
240;-29.0;-127.0;101.0;1;0
241;-39.0;-158.0;101.0;1;0
242;-302.0;-294.0;101.0;1;0
243;-13.0;-75.0;102.0;1;0
244;-100.0;-91.0;102.0;1;0
245;-126.0;-178.0;102.0;1;0
246;-198.0;-291.0;102.0;1;0
247;-156.0;-292.0;102.0;1;0
248;-258.0;-222.0;103.0;1;0
249;-104.0;-261.0;103.0;1;0
250;-48.0;-263.0;103.0;1;0
251;-302.0;-40.0;104.0;1;0
252;-174.0;-221.0;104.0;1;0
253;-266.0;-273.0;104.0;1;0
254;-242.0;-155.0;105.0;1;0
255;-124.0;-218.0;105.0;1;0
256;-154.0;-242.0;105.0;1;0
257;-225.0;-293.0;105.0;1;0
258;-245.0;-139.0;106.0;1;0
259;-127.0;-290.0;106.0;1;0
260;-64.0;-105.0;107.0;1;0
261;-159.0;-259.0;107.0;1;0
262;-51.0;-290.0;107.0;1;0
263;-197.0;-122.0;108.0;1;0
264;-311.0;-125.0;108.0;1;0
265;-87.0;-160.0;108.0;1;0
266;-242.0;-293.0;108.0;1;0
267;-8.0;-257.0;109.0;1;0
268;-10.0;-293.0;109.0;1;0
269;-146.0;-28.0;110.0;1;0
270;-312.0;-204.0;110.0;1;0
271;-240.0;-253.0;110.0;1;0
272;-90.0;-289.0;110.0;1;0
273;-234.0;-82.0;111.0;1;0
274;-20.0;-281.0;111.0;1;0
275;-90.0;-88.0;113.0;1;0
276;-267.0;-97.0;113.0;1;0
277;-312.0;-105.0;113.0;1;0
278;-248.0;-207.0;113.0;1;0
279;-130.0;-235.0;113.0;1;0
280;-121.0;-33.0;114.0;1;0
281;-314.0;-214.0;114.0;1;0
282;-314.0;-27.0;115.0;1;0
283;-97.0;-147.0;115.0;1;0
284;-17.0;-178.0;115.0;1;0
285;-310.0;-273.0;115.0;1;0
286;-260.0;-290.0;115.0;1;0
287;-90.0;-293.0;115.0;1;0
288;-59.0;-106.0;116.0;1;0
289;-238.0;-141.0;116.0;1;0
290;-126.0;-170.0;116.0;1;0
291;-46.0;-174.0;116.0;1;0
292;-7.0;-135.0;117.0;1;0
293;-96.0;-137.0;118.0;1;0
294;-149.0;-292.0;118.0;1;0
295;-143.0;-149.0;119.0;1;0
296;-139.0;-131.0;120.0;1;0
297;-61.0;-144.0;121.0;1;0
298;-214.0;-231.0;121.0;1;0
299;-147.0;-74.0;122.0;1;0
300;-124.0;-208.0;123.0;1;0
301;-134.0;-234.0;123.0;1;0
302;-84.0;-86.0;124.0;1;0
303;-77.0;-183.0;124.0;1;0
304;-188.0;-293.0;125.0;1;0
305;-13.0;-150.0;126.0;1;0
306;-228.0;-195.0;126.0;1;0
307;-8.0;-294.0;126.0;1;0
308;-6.0;-29.0;127.0;1;0
309;-217.0;-87.0;127.0;1;0
310;-131.0;-192.0;127.0;1;0
311;-174.0;-293.0;127.0;1;0
312;-72.0;-58.0;128.0;1;0
313;-196.0;-116.0;128.0;1;0
314;-313.0;-223.0;128.0;1;0
315;-59.0;-292.0;128.0;1;0
316;-73.0;-294.0;128.0;1;0
317;-80.0;-198.0;129.0;1;0
318;-80.0;-263.0;129.0;1;0
319;-129.0;-124.0;130.0;1;0
320;-157.0;-214.0;130.0;1;0
321;-194.0;-294.0;130.0;1;0
322;-276.0;-135.0;131.0;1;0
323;-134.0;-148.0;131.0;1;0
324;-165.0;-175.0;131.0;1;0
325;-20.0;-292.0;131.0;1;0
326;-93.0;-293.0;132.0;1;0
327;-222.0;-292.0;133.0;1;0
328;-173.0;-119.0;134.0;1;0
329;-253.0;-60.0;135.0;1;0
330;-267.0;-70.0;135.0;1;0
331;-68.0;-147.0;136.0;1;0
332;-308.0;-154.0;136.0;1;0
333;-118.0;-179.0;136.0;1;0
334;-195.0;-245.0;136.0;1;0
335;-257.0;-251.0;136.0;1;0
336;-8.0;-59.0;137.0;1;0
337;-210.0;-95.0;138.0;1;0
338;-226.0;-278.0;138.0;1;0
339;-105.0;-295.0;138.0;1;0
340;-105.0;-29.0;139.0;1;0
341;-43.0;-39.0;139.0;1;0
342;-248.0;-149.0;139.0;1;0
343;-258.0;-210.0;139.0;1;0
344;-260.0;-214.0;140.0;1;0
345;-134.0;-30.0;141.0;1;0
346;-276.0;-97.0;141.0;1;0
347;-145.0;-138.0;141.0;1;0
348;-120.0;-204.0;141.0;1;0
349;-122.0;-289.0;141.0;1;0
350;-40.0;-87.0;143.0;1;0
351;-271.0;-205.0;143.0;1;0
352;-6.0;-212.0;143.0;1;0
353;-11.0;-292.0;143.0;1;0
354;-295.0;-232.0;144.0;1;0
355;-314.0;-232.0;144.0;1;0
356;-314.0;-270.0;144.0;1;0
357;-163.0;-33.0;145.0;1;0
358;-310.0;-78.0;146.0;1;0
359;-47.0;-133.0;146.0;1;0
360;-213.0;-167.0;146.0;1;0
361;-28.0;-249.0;146.0;1;0
362;-157.0;-287.0;146.0;1;0
363;-147.0;-95.0;147.0;1;0
364;-108.0;-108.0;147.0;1;0
365;-52.0;-211.0;147.0;1;0
366;-228.0;-39.0;148.0;1;0
367;-248.0;-56.0;148.0;1;0
368;-189.0;-75.0;148.0;1;0
369;-192.0;-126.0;148.0;1;0
370;-230.0;-180.0;148.0;1;0
371;-291.0;-294.0;148.0;1;0
372;-198.0;-164.0;149.0;1;0
373;-6.0;-179.0;149.0;1;0
374;-134.0;-262.0;149.0;1;0
375;-50.0;-190.0;150.0;1;0
376;-131.0;-73.0;151.0;1;0
377;-124.0;-192.0;151.0;1;0
378;-224.0;-237.0;152.0;1;0
379;-301.0;-33.0;153.0;1;0
380;-315.0;-38.0;153.0;1;0
381;-219.0;-33.0;155.0;1;0
382;-228.0;-113.0;155.0;1;0
383;-39.0;-137.0;155.0;1;0
384;-315.0;-186.0;155.0;1;0
385;-151.0;-293.0;155.0;1;0
386;-153.0;-49.0;156.0;1;0
387;-105.0;-292.0;156.0;1;0
388;-242.0;-293.0;156.0;1;0
389;-85.0;-33.0;157.0;1;0
390;-49.0;-98.0;157.0;1;0
391;-171.0;-291.0;157.0;1;0
392;-14.0;-77.0;158.0;1;0
393;-197.0;-159.0;158.0;1;0
394;-93.0;-250.0;158.0;1;0
395;-133.0;-37.0;159.0;1;0
396;-159.0;-74.0;159.0;1;0
397;-234.0;-83.0;159.0;1;0
398;-13.0;-280.0;159.0;1;0
399;-50.0;-294.0;159.0;1;0
400;-60.0;-30.0;160.0;1;0
401;-291.0;-235.0;160.0;1;0
402;-130.0;-286.0;160.0;1;0
403;-55.0;-194.0;162.0;1;0
404;-181.0;-229.0;162.0;1;0
405;-307.0;-130.0;163.0;1;0
406;-182.0;-256.0;163.0;1;0
407;-237.0;-293.0;164.0;1;0
408;-36.0;-111.0;165.0;1;0
409;-177.0;-144.0;165.0;1;0
410;-10.0;-155.0;165.0;1;0
411;-8.0;-254.0;165.0;1;0
412;-132.0;-122.0;166.0;1;0
413;-184.0;-156.0;166.0;1;0
414;-312.0;-50.0;167.0;1;0
415;-314.0;-110.0;167.0;1;0
416;-7.0;-29.0;168.0;1;0
417;-200.0;-226.0;168.0;1;0
418;-209.0;-289.0;168.0;1;0
419;-110.0;-121.0;169.0;1;0
420;-310.0;-271.0;169.0;1;0
421;-196.0;-36.0;170.0;1;0
422;-60.0;-48.0;171.0;1;0
423;-307.0;-140.0;171.0;1;0
424;-70.0;-165.0;171.0;1;0
425;-312.0;-177.0;171.0;1;0
426;-312.0;-203.0;171.0;1;0
427;-195.0;-280.0;171.0;1;0
428;-125.0;-32.0;172.0;1;0
429;-61.0;-85.0;172.0;1;0
430;-99.0;-293.0;172.0;1;0
431;-7.0;-52.0;173.0;1;0
432;-155.0;-57.0;173.0;1;0
433;-179.0;-273.0;173.0;1;0
434;-108.0;-284.0;173.0;1;0
435;-117.0;-93.0;174.0;1;0
436;-175.0;-294.0;174.0;1;0
437;-219.0;-169.0;175.0;1;0
438;-34.0;-187.0;175.0;1;0
439;-288.0;-75.0;176.0;1;0
440;-49.0;-223.0;177.0;1;0
441;-125.0;-81.0;178.0;1;0
442;-166.0;-62.0;179.0;1;0
443;-202.0;-63.0;179.0;1;0
444;-212.0;-131.0;179.0;1;0
445;-261.0;-152.0;180.0;1;0
446;-41.0;-182.0;180.0;1;0
447;-92.0;-239.0;180.0;1;0
448;-143.0;-253.0;180.0;1;0
449;-233.0;-28.0;181.0;1;0
450;-313.0;-105.0;181.0;1;0
451;-315.0;-59.0;182.0;1;0
452;-284.0;-109.0;182.0;1;0
453;-314.0;-188.0;182.0;1;0
454;-10.0;-171.0;183.0;1;0
455;-311.0;-215.0;183.0;1;0
456;-158.0;-30.0;184.0;1;0
457;-36.0;-35.0;184.0;1;0
458;-65.0;-108.0;184.0;1;0
459;-103.0;-29.0;185.0;1;0
460;-211.0;-113.0;185.0;1;0
461;-209.0;-130.0;185.0;1;0
462;-94.0;-239.0;185.0;1;0
463;-11.0;-210.0;186.0;1;0
464;-112.0;-236.0;186.0;1;0
465;-288.0;-291.0;186.0;1;0
466;-186.0;-146.0;187.0;1;0
467;-220.0;-119.0;188.0;1;0
468;-254.0;-231.0;189.0;1;0
469;-254.0;-249.0;189.0;1;0
470;-312.0;-270.0;189.0;1;0
471;-91.0;-288.0;189.0;1;0
472;-79.0;-111.0;190.0;1;0
473;-182.0;-119.0;190.0;1;0
474;-313.0;-275.0;190.0;1;0
475;-262.0;-292.0;190.0;1;0
476;-230.0;-109.0;191.0;1;0
477;-313.0;-124.0;191.0;1;0
478;-256.0;-261.0;193.0;1;0
479;-17.0;-37.0;195.0;1;0
480;-300.0;-38.0;195.0;1;0
481;-124.0;-268.0;195.0;1;0
482;-264.0;-28.0;196.0;1;0
483;-39.0;-33.0;196.0;1;0
484;-210.0;-221.0;196.0;1;0
485;-202.0;-69.0;197.0;1;0
486;-253.0;-78.0;197.0;1;0
487;-270.0;-196.0;197.0;1;0
488;-86.0;-118.0;198.0;1;0
489;-7.0;-261.0;198.0;1;0
490;-23.0;-287.0;198.0;1;0
491;-242.0;-291.0;198.0;1;0
492;-123.0;-293.0;198.0;1;0
493;-154.0;-127.0;199.0;1;0
494;-40.0;-150.0;199.0;1;0
495;-75.0;-175.0;199.0;1;0
496;-248.0;-30.0;201.0;1;0
497;-280.0;-120.0;201.0;1;0
498;-236.0;-72.0;202.0;1;0
499;-82.0;-231.0;202.0;1;0
500;-182.0;-144.0;203.0;1;0
501;-58.0;-183.0;204.0;1;0
502;-146.0;-206.0;204.0;1;0
503;-213.0;-29.0;205.0;1;0
504;-86.0;-37.0;205.0;1;0
505;-190.0;-150.0;205.0;1;0
506;-181.0;-29.0;206.0;1;0
507;-166.0;-30.0;206.0;1;0
508;-313.0;-42.0;206.0;1;0
509;-33.0;-76.0;206.0;1;0
510;-297.0;-290.0;206.0;1;0
511;-158.0;-292.0;206.0;1;0
512;-191.0;-78.0;208.0;1;0
513;-13.0;-28.0;209.0;1;0
514;-281.0;-127.0;209.0;1;0
515;-38.0;-208.0;209.0;1;0
516;-170.0;-228.0;209.0;1;0
517;-273.0;-293.0;209.0;1;0
518;-91.0;-126.0;210.0;1;0
519;-268.0;-237.0;210.0;1;0
520;-261.0;-44.0;212.0;1;0
521;-188.0;-196.0;213.0;1;0
522;-148.0;-275.0;213.0;1;0
523;-60.0;-291.0;213.0;1;0
524;-313.0;-53.0;214.0;1;0
525;-23.0;-192.0;214.0;1;0
526;-200.0;-219.0;214.0;1;0
527;-233.0;-293.0;214.0;1;0
528;-180.0;-72.0;215.0;1;0
529;-76.0;-141.0;215.0;1;0
530;-217.0;-184.0;215.0;1;0
531;-59.0;-216.0;215.0;1;0
532;-231.0;-96.0;216.0;1;0
533;-293.0;-124.0;216.0;1;0
534;-48.0;-71.0;217.0;1;0
535;-32.0;-213.0;217.0;1;0
536;-116.0;-64.0;218.0;1;0
537;-121.0;-144.0;218.0;1;0
538;-117.0;-175.0;218.0;1;0
539;-167.0;-28.0;219.0;1;0
540;-99.0;-110.0;220.0;1;0
541;-156.0;-171.0;220.0;1;0
542;-313.0;-268.0;221.0;1;0
543;-142.0;-55.0;222.0;1;0
544;-78.0;-65.0;222.0;1;0
545;-178.0;-80.0;222.0;1;0
546;-54.0;-29.0;223.0;1;0
547;-243.0;-62.0;223.0;1;0
548;-258.0;-107.0;223.0;1;0
549;-197.0;-223.0;223.0;1;0
550;-315.0;-225.0;223.0;1;0
551;-7.0;-226.0;223.0;1;0
552;-54.0;-284.0;223.0;1;0
553;-270.0;-284.0;223.0;1;0
554;-223.0;-88.0;224.0;1;0
555;-32.0;-69.0;225.0;1;0
556;-87.0;-143.0;225.0;1;0
557;-12.0;-200.0;225.0;1;0
558;-147.0;-247.0;225.0;1;0
559;-248.0;-266.0;225.0;1;0
560;-28.0;-293.0;225.0;1;0
561;-162.0;-293.0;225.0;1;0
562;-125.0;-175.0;227.0;1;0
563;-117.0;-186.0;227.0;1;0
564;-255.0;-293.0;227.0;1;0
565;-315.0;-156.0;228.0;1;0
566;-263.0;-207.0;228.0;1;0
567;-183.0;-238.0;228.0;1;0
568;-180.0;-292.0;228.0;1;0
569;-125.0;-293.0;228.0;1;0
570;-112.0;-37.0;229.0;1;0
571;-315.0;-114.0;229.0;1;0
572;-202.0;-128.0;229.0;1;0
573;-179.0;-77.0;230.0;1;0
574;-103.0;-294.0;230.0;1;0
575;-247.0;-86.0;232.0;1;0
576;-298.0;-136.0;232.0;1;0
577;-9.0;-174.0;232.0;1;0
578;-218.0;-228.0;232.0;1;0
579;-93.0;-289.0;232.0;1;0
580;-20.0;-113.0;233.0;1;0
581;-138.0;-115.0;233.0;1;0
582;-225.0;-134.0;233.0;1;0
583;-69.0;-142.0;233.0;1;0
584;-221.0;-148.0;233.0;1;0
585;-269.0;-127.0;235.0;1;0
586;-166.0;-192.0;235.0;1;0
587;-314.0;-280.0;235.0;1;0
588;-81.0;-293.0;236.0;1;0
589;-87.0;-28.0;238.0;1;0
590;-180.0;-150.0;238.0;1;0
591;-150.0;-211.0;238.0;1;0
592;-204.0;-31.0;239.0;1;0
593;-153.0;-51.0;239.0;1;0
594;-83.0;-113.0;239.0;1;0
595;-199.0;-66.0;240.0;1;0
596;-11.0;-207.0;240.0;1;0
597;-16.0;-248.0;241.0;1;0
598;-112.0;-290.0;241.0;1;0
599;-229.0;-33.0;242.0;1;0
600;-217.0;-155.0;242.0;1;0
601;-6.0;-284.0;242.0;1;0
602;-281.0;-293.0;242.0;1;0
603;-107.0;-28.0;243.0;1;0
604;-239.0;-59.0;243.0;1;0
605;-183.0;-189.0;243.0;1;0
606;-248.0;-293.0;243.0;1;0
607;-120.0;-87.0;244.0;1;0
608;-14.0;-95.0;244.0;1;0
609;-60.0;-215.0;244.0;1;0
610;-23.0;-104.0;245.0;1;0
611;-262.0;-142.0;245.0;1;0
612;-175.0;-265.0;245.0;1;0
613;-7.0;-102.0;247.0;1;0
614;-77.0;-219.0;247.0;1;0
615;-233.0;-153.0;248.0;1;0
616;-274.0;-154.0;248.0;1;0
617;-314.0;-36.0;249.0;1;0
618;-313.0;-75.0;249.0;1;0
619;-143.0;-221.0;249.0;1;0
620;-151.0;-226.0;249.0;1;0
621;-220.0;-293.0;249.0;1;0
622;-287.0;-174.0;250.0;1;0
623;-314.0;-46.0;251.0;1;0
624;-48.0;-102.0;251.0;1;0
625;-130.0;-170.0;251.0;1;0
626;-154.0;-291.0;251.0;1;0
627;-257.0;-30.0;253.0;1;0
628;-311.0;-193.0;253.0;1;0
629;-313.0;-218.0;253.0;1;0
630;-28.0;-294.0;253.0;1;0
631;-285.0;-204.0;254.0;1;0
632;-89.0;-74.0;257.0;1;0
633;-163.0;-205.0;257.0;1;0
634;-120.0;-290.0;257.0;1;0
635;-172.0;-211.0;258.0;1;0
636;-313.0;-278.0;258.0;1;0
637;-185.0;-201.0;259.0;1;0
638;-198.0;-165.0;260.0;1;0
639;-194.0;-220.0;260.0;1;0
640;-138.0;-294.0;260.0;1;0
641;-182.0;-158.0;261.0;1;0
642;-58.0;-251.0;262.0;1;0
643;-281.0;-293.0;262.0;1;0
644;-8.0;-33.0;263.0;1;0
645;-7.0;-102.0;263.0;1;0
646;-18.0;-115.0;263.0;1;0
647;-310.0;-219.0;263.0;1;0
648;-133.0;-54.0;264.0;1;0
649;-181.0;-140.0;264.0;1;0
650;-15.0;-212.0;265.0;1;0
651;-241.0;-225.0;265.0;1;0
652;-186.0;-242.0;265.0;1;0
653;-146.0;-69.0;267.0;1;0
654;-244.0;-80.0;267.0;1;0
655;-114.0;-117.0;267.0;1;0
656;-315.0;-205.0;267.0;1;0
657;-204.0;-124.0;268.0;1;0
658;-82.0;-219.0;268.0;1;0
659;-312.0;-148.0;269.0;1;0
660;-75.0;-177.0;269.0;1;0
661;-229.0;-197.0;269.0;1;0
662;-65.0;-284.0;269.0;1;0
663;-235.0;-138.0;270.0;1;0
664;-61.0;-182.0;270.0;1;0
665;-41.0;-30.0;271.0;1;0
666;-313.0;-139.0;271.0;1;0
667;-116.0;-220.0;271.0;1;0
668;-9.0;-291.0;271.0;1;0
669;-36.0;-213.0;272.0;1;0
670;-82.0;-248.0;272.0;1;0
671;-93.0;-274.0;272.0;1;0
672;-124.0;-293.0;272.0;1;0
673;-157.0;-142.0;273.0;1;0
674;-307.0;-292.0;273.0;1;0
675;-45.0;-294.0;273.0;1;0
676;-103.0;-208.0;274.0;1;0
677;-292.0;-290.0;274.0;1;0
678;-87.0;-291.0;274.0;1;0
679;-169.0;-28.0;275.0;1;0
680;-259.0;-28.0;275.0;1;0
681;-144.0;-30.0;275.0;1;0
682;-315.0;-93.0;275.0;1;0
683;-8.0;-130.0;275.0;1;0
684;-136.0;-215.0;275.0;1;0
685;-146.0;-216.0;276.0;1;0
686;-10.0;-221.0;276.0;1;0
687;-110.0;-291.0;276.0;1;0
688;-315.0;-236.0;277.0;1;0
689;-249.0;-288.0;277.0;1;0
690;-173.0;-218.0;278.0;1;0
691;-20.0;-57.0;280.0;1;0
692;-313.0;-80.0;281.0;1;0
693;-39.0;-174.0;281.0;1;0
694;-238.0;-250.0;281.0;1;0
695;-171.0;-294.0;281.0;1;0
696;-56.0;-28.0;282.0;1;0
697;-215.0;-47.0;282.0;1;0
698;-314.0;-264.0;282.0;1;0
699;-217.0;-34.0;283.0;1;0
700;-311.0;-129.0;283.0;1;0
701;-93.0;-206.0;283.0;1;0
702;-174.0;-257.0;283.0;1;0
703;-20.0;-40.0;284.0;1;0
704;-111.0;-127.0;284.0;1;0
705;-288.0;-257.0;284.0;1;0
706;-202.0;-252.0;285.0;1;0
707;-277.0;-288.0;285.0;1;0
708;-57.0;-142.0;286.0;1;0
709;-257.0;-181.0;286.0;1;0
710;-207.0;-190.0;286.0;1;0
711;-284.0;-29.0;287.0;1;0
712;-301.0;-143.0;287.0;1;0
713;-89.0;-170.0;287.0;1;0
714;-118.0;-170.0;287.0;1;0
715;-242.0;-198.0;288.0;1;0
716;-105.0;-28.0;289.0;1;0
717;-9.0;-69.0;289.0;1;0
718;-230.0;-187.0;289.0;1;0
719;-83.0;-290.0;289.0;1;0
720;-260.0;-28.0;290.0;1;0
721;-313.0;-290.0;290.0;1;0
722;-311.0;-29.0;292.0;1;0
723;-142.0;-122.0;292.0;1;0
724;-312.0;-208.0;292.0;1;0
725;-53.0;-209.0;292.0;1;0
726;-69.0;-234.0;293.0;1;0
727;-206.0;-182.0;296.0;1;0
728;-241.0;-240.0;296.0;1;0
729;-118.0;-261.0;296.0;1;0
730;-310.0;-274.0;296.0;1;0
731;-206.0;-293.0;296.0;1;0
732;-312.0;-220.0;297.0;1;0
733;-186.0;-178.0;298.0;1;0
734;-288.0;-291.0;298.0;1;0
735;-10.0;-68.0;299.0;1;0
736;-16.0;-96.0;299.0;1;0
737;-314.0;-140.0;299.0;1;0
738;-314.0;-30.0;300.0;1;0
739;-289.0;-174.0;300.0;1;0
740;-218.0;-116.0;301.0;1;0
741;-207.0;-143.0;301.0;1;0
742;-313.0;-169.0;301.0;1;0
743;-66.0;-292.0;301.0;1;0
744;-223.0;-28.0;302.0;1;0
745;-170.0;-199.0;302.0;1;0
746;-177.0;-250.0;302.0;1;0
747;-46.0;-290.0;302.0;1;0
748;-142.0;-290.0;302.0;1;0
749;-161.0;-291.0;302.0;1;0
750;-37.0;-292.0;302.0;1;0
751;-126.0;-171.0;303.0;1;0
752;-23.0;-174.0;303.0;1;0
753;-30.0;-119.0;304.0;1;0
754;-9.0;-180.0;304.0;1;0
755;-312.0;-40.0;305.0;1;0
756;-204.0;-94.0;305.0;1;0
757;-174.0;-179.0;305.0;1;0
758;-269.0;-185.0;305.0;1;0
759;-260.0;-288.0;305.0;1;0
760;-114.0;-294.0;305.0;1;0
761;-46.0;-48.0;306.0;1;0
762;-315.0;-88.0;306.0;1;0
763;-177.0;-241.0;306.0;1;0
764;-163.0;-186.0;308.0;1;0
765;-280.0;-271.0;308.0;1;0
766;-193.0;-79.0;309.0;1;0
767;-147.0;-196.0;309.0;1;0
768;-205.0;-291.0;309.0;1;0
769;-84.0;-28.0;310.0;1;0
770;-37.0;-60.0;310.0;1;0
771;-68.0;-41.0;311.0;1;0
772;-220.0;-209.0;311.0;1;0
773;-266.0;-46.0;312.0;1;0
774;-183.0;-144.0;312.0;1;0
775;-274.0;-190.0;312.0;1;0
776;-257.0;-32.0;313.0;1;0
777;-75.0;-131.0;313.0;1;0
778;-249.0;-86.0;314.0;1;0
779;-196.0;-37.0;315.0;1;0
780;-105.0;-58.0;315.0;1;0
781;-313.0;-158.0;315.0;1;0
782;-209.0;-179.0;315.0;1;0
783;-108.0;-46.0;316.0;1;0
784;-140.0;-133.0;316.0;1;0
785;-315.0;-276.0;316.0;1;0
786;-219.0;-28.0;318.0;1;0
787;-164.0;-135.0;318.0;1;0
788;-20.0;-142.0;318.0;1;0
789;-80.0;-29.0;319.0;1;0
790;-56.0;-33.0;319.0;1;0
791;-221.0;-178.0;319.0;1;0
792;-37.0;-209.0;319.0;1;0
793;-11.0;-38.0;320.0;1;0
794;-92.0;-116.0;320.0;1;0
795;-35.0;-117.0;320.0;1;0
796;-314.0;-168.0;320.0;1;0
797;-294.0;-180.0;320.0;1;0
798;-151.0;-229.0;320.0;1;0
799;-270.0;-28.0;321.0;1;0
800;-263.0;-148.0;321.0;1;0
801;-313.0;-244.0;321.0;1;0
802;-82.0;-47.0;322.0;1;0
803;-218.0;-84.0;322.0;1;0
804;-105.0;-293.0;322.0;1;0
805;-258.0;-82.0;323.0;1;0
806;-63.0;-179.0;323.0;1;0
807;-209.0;-277.0;323.0;1;0
808;-203.0;-294.0;323.0;1;0
809;-98.0;-73.0;324.0;1;0
810;-245.0;-122.0;324.0;1;0
811;-233.0;-78.0;326.0;1;0
812;-25.0;-292.0;326.0;1;0
813;-10.0;-65.0;327.0;1;0
814;-128.0;-159.0;327.0;1;0
815;-161.0;-94.0;328.0;1;0
816;-55.0;-192.0;328.0;1;0
817;-42.0;-286.0;328.0;1;0
818;-114.0;-36.0;329.0;1;0
819;-226.0;-290.0;329.0;1;0
820;-303.0;-70.0;330.0;1;0
821;-89.0;-234.0;330.0;1;0
822;-127.0;-256.0;330.0;1;0
823;-309.0;-77.0;331.0;1;0
824;-12.0;-171.0;331.0;1;0
825;-113.0;-219.0;331.0;1;0
826;-262.0;-244.0;331.0;1;0
827;-122.0;-29.0;333.0;1;0
828;-312.0;-52.0;333.0;1;0
829;-105.0;-129.0;333.0;1;0
830;-314.0;-146.0;333.0;1;0
831;-84.0;-237.0;333.0;1;0
832;-269.0;-131.0;334.0;1;0
833;-96.0;-209.0;334.0;1;0
834;-147.0;-289.0;334.0;1;0
835;-150.0;-111.0;335.0;1;0
836;-48.0;-131.0;335.0;1;0
837;-32.0;-279.0;335.0;1;0
838;-246.0;-41.0;337.0;1;0
839;-315.0;-200.0;337.0;1;0
840;-196.0;-224.0;337.0;1;0
841;-52.0;-289.0;337.0;1;0
842;-315.0;-33.0;339.0;1;0
843;-168.0;-105.0;339.0;1;0
844;-58.0;-127.0;339.0;1;0
845;-184.0;-294.0;339.0;1;0
846;-311.0;-81.0;341.0;1;0
847;-169.0;-130.0;341.0;1;0
848;-312.0;-191.0;341.0;1;0
849;-69.0;-212.0;341.0;1;0
850;-13.0;-222.0;341.0;1;0
851;-83.0;-259.0;341.0;1;0
852;-11.0;-289.0;341.0;1;0
853;-231.0;-97.0;342.0;1;0
854;-134.0;-193.0;342.0;1;0
855;-132.0;-211.0;343.0;1;0
856;-253.0;-32.0;344.0;1;0
857;-52.0;-143.0;345.0;1;0
858;-214.0;-201.0;345.0;1;0
859;-314.0;-228.0;345.0;1;0
860;-70.0;-243.0;345.0;1;0
861;-248.0;-291.0;345.0;1;0
862;-230.0;-211.0;346.0;1;0
863;-160.0;-60.0;347.0;1;0
864;-31.0;-86.0;347.0;1;0
865;-196.0;-91.0;347.0;1;0
866;-62.0;-96.0;347.0;1;0
867;-314.0;-286.0;347.0;1;0
868;-75.0;-289.0;347.0;1;0
869;-156.0;-92.0;348.0;1;0
870;-246.0;-209.0;348.0;1;0
871;-35.0;-294.0;349.0;1;0
872;-285.0;-74.0;350.0;1;0
873;-288.0;-93.0;350.0;1;0
874;-229.0;-142.0;350.0;1;0
875;-298.0;-50.0;351.0;1;0
876;-297.0;-29.0;352.0;1;0
877;-8.0;-30.0;352.0;1;0
878;-227.0;-140.0;352.0;1;0
879;-189.0;-232.0;352.0;1;0
880;-314.0;-97.0;353.0;1;0
881;-164.0;-154.0;353.0;1;0
882;-93.0;-104.0;354.0;1;0
883;-36.0;-136.0;354.0;1;0
884;-104.0;-281.0;355.0;1;0
885;-8.0;-138.0;356.0;1;0
886;-177.0;-208.0;356.0;1;0
887;-186.0;-295.0;356.0;1;0
888;-32.0;-234.0;357.0;1;0
889;-81.0;-92.0;358.0;1;0
890;-227.0;-166.0;358.0;1;0
891;-313.0;-44.0;359.0;1;0
892;-205.0;-258.0;359.0;1;0
893;-206.0;-272.0;359.0;1;0
894;-80.0;-150.0;360.0;1;0
895;-77.0;-164.0;360.0;1;0
896;-311.0;-238.0;360.0;1;0
897;-311.0;-34.0;361.0;1;0
898;-58.0;-268.0;361.0;1;0
899;-300.0;-34.0;362.0;1;0
900;-225.0;-66.0;362.0;1;0
901;-159.0;-77.0;362.0;1;0
902;-214.0;-230.0;362.0;1;0
903;-303.0;-293.0;362.0;1;0
904;-28.0;-96.0;363.0;1;0
905;-7.0;-279.0;363.0;1;0
906;-314.0;-85.0;364.0;1;0
907;-39.0;-34.0;365.0;1;0
908;-177.0;-197.0;365.0;1;0
909;-113.0;-294.0;365.0;1;0
910;-164.0;-157.0;366.0;1;0
911;-25.0;-179.0;366.0;1;0
912;-209.0;-279.0;366.0;1;0
913;-160.0;-112.0;367.0;1;0
914;-294.0;-112.0;367.0;1;0
915;-171.0;-156.0;367.0;1;0
916;-198.0;-246.0;368.0;1;0
917;-7.0;-108.0;369.0;1;0
918;-9.0;-193.0;369.0;1;0
919;-127.0;-29.0;370.0;1;0
920;-105.0;-87.0;370.0;1;0
921;-117.0;-158.0;370.0;1;0
922;-216.0;-169.0;370.0;1;0
923;-40.0;-293.0;370.0;1;0
924;-313.0;-175.0;371.0;1;0
925;-70.0;-172.0;372.0;1;0
926;-161.0;-230.0;372.0;1;0
927;-51.0;-257.0;372.0;1;0
928;-11.0;-178.0;373.0;1;0
929;-314.0;-197.0;374.0;1;0
930;-12.0;-218.0;374.0;1;0
931;-243.0;-30.0;375.0;1;0
932;-244.0;-284.0;375.0;1;0
933;-153.0;-294.0;375.0;1;0
934;-84.0;-90.0;376.0;1;0
935;-124.0;-124.0;376.0;1;0
936;-186.0;-288.0;377.0;1;0
937;-72.0;-293.0;377.0;1;0
938;-209.0;-174.0;378.0;1;0
939;-24.0;-200.0;378.0;1;0
940;-280.0;-245.0;378.0;1;0
941;-200.0;-252.0;378.0;1;0
942;-178.0;-291.0;378.0;1;0
943;-307.0;-117.0;379.0;1;0
944;-240.0;-56.0;380.0;1;0
945;-213.0;-291.0;380.0;1;0
946;-311.0;-62.0;381.0;1;0
947;-111.0;-189.0;381.0;1;0
948;-250.0;-237.0;381.0;1;0
949;-26.0;-288.0;381.0;1;0
950;-126.0;-90.0;382.0;1;0
951;-308.0;-228.0;382.0;1;0
952;-36.0;-293.0;382.0;1;0
953;-176.0;-33.0;383.0;1;0
954;-171.0;-126.0;383.0;1;0
955;-314.0;-147.0;383.0;1;0
956;-275.0;-284.0;383.0;1;0
957;-259.0;-291.0;383.0;1;0
958;-8.0;-30.0;384.0;1;0
959;-120.0;-65.0;384.0;1;0
960;-86.0;-103.0;384.0;1;0
961;-10.0;-67.0;385.0;1;0
962;-224.0;-103.0;385.0;1;0
963;-209.0;-105.0;385.0;1;0
964;-268.0;-166.0;385.0;1;0
965;-88.0;-211.0;385.0;1;0
966;-267.0;-31.0;386.0;1;0
967;-33.0;-112.0;386.0;1;0
968;-151.0;-295.0;386.0;1;0
969;-114.0;-33.0;387.0;1;0
970;-117.0;-182.0;387.0;1;0
971;-172.0;-291.0;388.0;1;0
972;-71.0;-47.0;389.0;1;0
973;-225.0;-71.0;389.0;1;0
974;-240.0;-100.0;389.0;1;0
975;-21.0;-113.0;389.0;1;0
976;-243.0;-163.0;389.0;1;0
977;-259.0;-170.0;390.0;1;0
978;-195.0;-53.0;391.0;1;0
979;-113.0;-291.0;391.0;1;0
980;-315.0;-95.0;392.0;1;0
981;-116.0;-181.0;392.0;1;0
982;-252.0;-289.0;392.0;1;0
983;-54.0;-79.0;393.0;1;0
984;-86.0;-252.0;393.0;1;0
985;-164.0;-293.0;393.0;1;0
986;-101.0;-33.0;394.0;1;0
987;-77.0;-46.0;394.0;1;0
988;-179.0;-120.0;394.0;1;0
989;-182.0;-215.0;394.0;1;0
990;-235.0;-295.0;394.0;1;0
991;-311.0;-177.0;395.0;1;0
992;-76.0;-35.0;396.0;1;0
993;-56.0;-280.0;396.0;1;0
994;-228.0;-62.0;397.0;1;0
995;-122.0;-223.0;397.0;1;0
996;-153.0;-287.0;397.0;1;0
997;-313.0;-124.0;398.0;1;0
998;-204.0;-241.0;398.0;1;0
999;-244.0;-255.0;398.0;1;0
1000;-313.0;-257.0;398.0;1;0
1001;-288.0;-64.0;399.0;1;0
1002;-9.0;-83.0;399.0;1;0
1003;-311.0;-115.0;399.0;1;0
1004;-57.0;-292.0;399.0;1;0
1005;-182.0;-89.0;400.0;1;0
1006;-132.0;-94.0;400.0;1;0
1007;-16.0;-146.0;400.0;1;0
1008;-312.0;-27.0;401.0;1;0
1009;-11.0;-143.0;401.0;1;0
1010;-107.0;-212.0;402.0;1;0
1011;-239.0;-31.0;403.0;1;0
1012;-221.0;-99.0;403.0;1;0
1013;-35.0;-123.0;403.0;1;0
1014;-208.0;-215.0;403.0;1;0
1015;-47.0;-219.0;403.0;1;0
1016;-210.0;-252.0;403.0;1;0
1017;-290.0;-141.0;404.0;1;0
1018;-215.0;-294.0;404.0;1;0
1019;-177.0;-133.0;405.0;1;0
1020;-311.0;-184.0;405.0;1;0
1021;-188.0;-28.0;406.0;1;0
1022;-93.0;-250.0;406.0;1;0
1023;-125.0;-262.0;406.0;1;0
1024;-252.0;-80.0;407.0;1;0
1025;-312.0;-96.0;407.0;1;0
1026;-228.0;-175.0;407.0;1;0
1027;-215.0;-240.0;407.0;1;0
1028;-30.0;-34.0;408.0;1;0
1029;-60.0;-178.0;408.0;1;0
1030;-29.0;-133.0;409.0;1;0
1031;-127.0;-220.0;409.0;1;0
1032;-312.0;-28.0;410.0;1;0
1033;-313.0;-43.0;410.0;1;0
1034;-247.0;-245.0;410.0;1;0
1035;-137.0;-189.0;411.0;1;0
1036;-91.0;-59.0;412.0;1;0
1037;-163.0;-97.0;412.0;1;0
1038;-248.0;-189.0;412.0;1;0
1039;-73.0;-209.0;412.0;1;0
1040;-183.0;-140.0;413.0;1;0
1041;-225.0;-165.0;413.0;1;0
1042;-30.0;-34.0;414.0;1;0
1043;-14.0;-138.0;414.0;1;0
1044;-163.0;-264.0;414.0;1;0
1045;-151.0;-196.0;415.0;1;0
1046;-131.0;-198.0;415.0;1;0
1047;-266.0;-36.0;416.0;1;0
1048;-74.0;-75.0;416.0;1;0
1049;-211.0;-40.0;417.0;1;0
1050;-305.0;-117.0;417.0;1;0
1051;-156.0;-269.0;417.0;1;0
1052;-130.0;-293.0;417.0;1;0
1053;-168.0;-85.0;418.0;1;0
1054;-193.0;-288.0;418.0;1;0
1055;-30.0;-28.0;420.0;1;0
1056;-79.0;-293.0;420.0;1;0
1057;-116.0;-92.0;421.0;1;0
1058;-91.0;-143.0;421.0;1;0
1059;-49.0;-236.0;421.0;1;0
1060;-159.0;-257.0;421.0;1;0
1061;-89.0;-282.0;421.0;1;0
1062;-280.0;-115.0;422.0;1;0
1063;-229.0;-45.0;423.0;1;0
1064;-133.0;-66.0;423.0;1;0
1065;-193.0;-83.0;423.0;1;0
1066;-88.0;-170.0;423.0;1;0
1067;-276.0;-232.0;423.0;1;0
1068;-133.0;-181.0;424.0;1;0
1069;-117.0;-42.0;425.0;1;0
1070;-86.0;-182.0;425.0;1;0
1071;-192.0;-185.0;425.0;1;0
1072;-139.0;-32.0;426.0;1;0
1073;-314.0;-145.0;426.0;1;0
1074;-70.0;-291.0;426.0;1;0
1075;-256.0;-56.0;427.0;1;0
1076;-145.0;-293.0;427.0;1;0
1077;-170.0;-66.0;428.0;1;0
1078;-113.0;-45.0;429.0;1;0
1079;-313.0;-160.0;429.0;1;0
1080;-313.0;-199.0;429.0;1;0
1081;-261.0;-290.0;429.0;1;0
1082;-87.0;-292.0;429.0;1;0
1083;-7.0;-30.0;430.0;1;0
1084;-160.0;-89.0;430.0;1;0
1085;-232.0;-112.0;430.0;1;0
1086;-267.0;-29.0;431.0;1;0
1087;-205.0;-61.0;431.0;1;0
1088;-234.0;-63.0;431.0;1;0
1089;-49.0;-91.0;431.0;1;0
1090;-270.0;-293.0;431.0;1;0
1091;-97.0;-29.0;432.0;1;0
1092;-143.0;-101.0;432.0;1;0
1093;-53.0;-120.0;432.0;1;0
1094;-120.0;-145.0;432.0;1;0
1095;-62.0;-290.0;432.0;1;0
1096;-314.0;-290.0;432.0;1;0
1097;-252.0;-28.0;433.0;1;0
1098;-120.0;-170.0;433.0;1;0
1099;-150.0;-107.0;434.0;1;0
1100;-35.0;-207.0;434.0;1;0
1101;-8.0;-292.0;435.0;1;0
1102;-73.0;-293.0;435.0;1;0
1103;-113.0;-158.0;436.0;1;0
1104;-241.0;-291.0;436.0;1;0
1105;-243.0;-109.0;437.0;1;0
1106;-232.0;-151.0;438.0;1;0
1107;-180.0;-259.0;438.0;1;0
1108;-314.0;-121.0;439.0;1;0
1109;-153.0;-220.0;439.0;1;0
1110;-314.0;-283.0;439.0;1;0
1111;-284.0;-286.0;440.0;1;0
1112;-113.0;-293.0;440.0;1;0
1113;-234.0;-293.0;440.0;1;0
1114;-41.0;-97.0;441.0;1;0
1115;-308.0;-274.0;441.0;1;0
1116;-12.0;-92.0;442.0;1;0
1117;-128.0;-153.0;443.0;1;0
1118;-310.0;-168.0;443.0;1;0
1119;-260.0;-293.0;443.0;1;0
1120;-188.0;-49.0;444.0;1;0
1121;-86.0;-162.0;444.0;1;0
1122;-64.0;-119.0;445.0;1;0
1123;-133.0;-147.0;445.0;1;0
1124;-202.0;-155.0;445.0;1;0
1125;-171.0;-203.0;445.0;1;0
1126;-120.0;-205.0;445.0;1;0
1127;-275.0;-151.0;446.0;1;0
1128;-277.0;-132.0;447.0;1;0
1129;-124.0;-292.0;447.0;1;0
1130;-260.0;-87.0;448.0;1;0
1131;-280.0;-213.0;448.0;1;0
1132;-89.0;-61.0;449.0;1;0
1133;-313.0;-165.0;449.0;1;0
1134;-217.0;-292.0;449.0;1;0
1135;-315.0;-60.0;450.0;1;0
1136;-175.0;-86.0;450.0;1;0
1137;-313.0;-103.0;450.0;1;0
1138;-11.0;-222.0;450.0;1;0
1139;-106.0;-227.0;450.0;1;0
1140;-93.0;-86.0;451.0;1;0
1141;-203.0;-109.0;451.0;1;0
1142;-157.0;-33.0;452.0;1;0
1143;-155.0;-111.0;452.0;1;0
1144;-28.0;-37.0;453.0;1;0
1145;-313.0;-206.0;453.0;1;0
1146;-243.0;-224.0;453.0;1;0
1147;-313.0;-265.0;453.0;1;0
1148;-48.0;-52.0;454.0;1;0
1149;-7.0;-149.0;454.0;1;0
1150;-263.0;-157.0;454.0;1;0
1151;-312.0;-243.0;454.0;1;0
1152;-95.0;-127.0;455.0;1;0
1153;-52.0;-128.0;455.0;1;0
1154;-290.0;-170.0;455.0;1;0
1155;-57.0;-206.0;455.0;1;0
1156;-312.0;-217.0;455.0;1;0
1157;-21.0;-227.0;455.0;1;0
1158;-127.0;-30.0;457.0;1;0
1159;-314.0;-94.0;457.0;1;0
1160;-144.0;-217.0;457.0;1;0
1161;-313.0;-29.0;460.0;1;0
1162;-174.0;-118.0;460.0;1;0
1163;-42.0;-291.0;460.0;1;0
1164;-75.0;-291.0;460.0;1;0
1165;-165.0;-246.0;461.0;1;0
1166;-277.0;-32.0;462.0;1;0
1167;-7.0;-203.0;462.0;1;0
1168;-163.0;-293.0;462.0;1;0
1169;-193.0;-118.0;463.0;1;0
1170;-18.0;-126.0;464.0;1;0
1171;-271.0;-171.0;464.0;1;0
1172;-186.0;-201.0;464.0;1;0
1173;-184.0;-244.0;464.0;1;0
1174;-313.0;-222.0;465.0;1;0
1175;-313.0;-161.0;466.0;1;0
1176;-69.0;-295.0;466.0;1;0
1177;-61.0;-52.0;467.0;1;0
1178;-171.0;-140.0;467.0;1;0
1179;-107.0;-146.0;467.0;1;0
1180;-124.0;-213.0;467.0;1;0
1181;-7.0;-187.0;468.0;1;0
1182;-107.0;-251.0;468.0;1;0
1183;-32.0;-293.0;468.0;1;0
1184;-277.0;-115.0;469.0;1;0
1185;-73.0;-210.0;469.0;1;0
1186;-192.0;-111.0;470.0;1;0
1187;-53.0;-139.0;470.0;1;0
1188;-45.0;-148.0;472.0;1;0
1189;-162.0;-190.0;472.0;1;0
1190;-153.0;-199.0;472.0;1;0
1191;-202.0;-208.0;472.0;1;0
1192;-101.0;-288.0;472.0;1;0
1193;-15.0;-293.0;473.0;1;0
1194;-202.0;-114.0;474.0;1;0
1195;-229.0;-170.0;474.0;1;0
1196;-270.0;-186.0;474.0;1;0
1197;-149.0;-244.0;474.0;1;0
1198;-119.0;-258.0;474.0;1;0
1199;-311.0;-52.0;475.0;1;0
1200;-203.0;-89.0;475.0;1;0
1201;-212.0;-122.0;475.0;1;0
1202;-11.0;-169.0;475.0;1;0
1203;-275.0;-177.0;475.0;1;0
1204;-226.0;-43.0;476.0;1;0
1205;-50.0;-166.0;476.0;1;0
1206;-206.0;-98.0;477.0;1;0
1207;-88.0;-79.0;478.0;1;0
1208;-26.0;-118.0;478.0;1;0
1209;-168.0;-159.0;478.0;1;0
1210;-312.0;-225.0;478.0;1;0
1211;-298.0;-291.0;478.0;1;0
1212;-220.0;-50.0;479.0;1;0
1213;-315.0;-170.0;479.0;1;0
1214;-33.0;-285.0;479.0;1;0
1215;-173.0;-293.0;479.0;1;0
1216;-7.0;-32.0;480.0;1;0
1217;-239.0;-44.0;480.0;1;0
1218;-8.0;-134.0;480.0;1;0
1219;-44.0;-192.0;480.0;1;0
1220;-244.0;-287.0;481.0;1;0
1221;-314.0;-213.0;482.0;1;0
1222;-207.0;-282.0;482.0;1;0
1223;-217.0;-231.0;483.0;1;0
1224;-183.0;-104.0;484.0;1;0
1225;-66.0;-229.0;484.0;1;0
1226;-11.0;-50.0;485.0;1;0
1227;-312.0;-133.0;485.0;1;0
1228;-204.0;-288.0;485.0;1;0
1229;-132.0;-294.0;485.0;1;0
1230;-107.0;-182.0;486.0;1;0
1231;-302.0;-40.0;487.0;1;0
1232;-23.0;-190.0;487.0;1;0
1233;-15.0;-288.0;487.0;1;0
1234;-42.0;-292.0;487.0;1;0
1235;-268.0;-111.0;488.0;1;0
1236;-183.0;-155.0;488.0;1;0
1237;-177.0;-28.0;489.0;1;0
1238;-294.0;-54.0;489.0;1;0
1239;-44.0;-61.0;489.0;1;0
1240;-211.0;-150.0;489.0;1;0
1241;-243.0;-103.0;490.0;1;0
1242;-184.0;-259.0;490.0;1;0
1243;-147.0;-30.0;491.0;1;0
1244;-212.0;-198.0;491.0;1;0
1245;-217.0;-27.0;492.0;1;0
1246;-278.0;-207.0;492.0;1;0
1247;-131.0;-55.0;493.0;1;0
1248;-142.0;-178.0;493.0;1;0
1249;-202.0;-27.0;494.0;1;0
1250;-190.0;-87.0;494.0;1;0
1251;-90.0;-291.0;494.0;1;0
1252;-25.0;-292.0;494.0;1;0
1253;-178.0;-174.0;495.0;1;0
1254;-164.0;-180.0;495.0;1;0
1255;-226.0;-35.0;496.0;1;0
1256;-313.0;-184.0;496.0;1;0
1257;-89.0;-237.0;496.0;1;0
1258;-311.0;-30.0;497.0;1;0
1259;-57.0;-52.0;497.0;1;0
1260;-137.0;-124.0;497.0;1;0
1261;-10.0;-151.0;497.0;1;0
1262;-142.0;-30.0;498.0;1;0
1263;-221.0;-56.0;498.0;1;0
1264;-159.0;-109.0;498.0;1;0
1265;-110.0;-237.0;498.0;1;0
1266;-315.0;-69.0;499.0;1;0
1267;-7.0;-250.0;500.0;1;0
1268;-232.0;-293.0;500.0;1;0
1269;-205.0;-189.0;501.0;1;0
1270;-298.0;-219.0;501.0;1;0
1271;-9.0;-57.0;502.0;1;0
1272;-315.0;-114.0;502.0;1;0
1273;-274.0;-293.0;502.0;1;0
1274;-289.0;-37.0;504.0;1;0
1275;-307.0;-49.0;504.0;1;0
1276;-289.0;-77.0;504.0;1;0
1277;-194.0;-101.0;504.0;1;0
1278;-47.0;-145.0;504.0;1;0
1279;-266.0;-29.0;505.0;1;0
1280;-122.0;-75.0;505.0;1;0
1281;-193.0;-88.0;505.0;1;0
1282;-98.0;-197.0;505.0;1;0
1283;-8.0;-85.0;506.0;1;0
1284;-67.0;-130.0;506.0;1;0
1285;-123.0;-152.0;506.0;1;0
1286;-143.0;-203.0;506.0;1;0
1287;-167.0;-287.0;507.0;1;0
1288;-20.0;-292.0;507.0;1;0
1289;-54.0;-126.0;508.0;1;0
1290;-222.0;-126.0;509.0;1;0
1291;-313.0;-189.0;509.0;1;0
1292;-18.0;-199.0;509.0;1;0
1293;-299.0;-232.0;509.0;1;0
1294;-178.0;-293.0;509.0;1;0
1295;-66.0;-34.0;510.0;1;0
1296;-289.0;-100.0;511.0;1;0
1297;-66.0;-111.0;511.0;1;0
1298;-308.0;-126.0;511.0;1;0
1299;-159.0;-195.0;511.0;1;0
1300;-96.0;-294.0;511.0;1;0
1301;-63.0;-126.0;512.0;1;0
1302;-7.0;-55.0;513.0;1;0
1303;-20.0;-71.0;513.0;1;0
1304;-136.0;-91.0;513.0;1;0
1305;-308.0;-102.0;513.0;1;0
1306;-251.0;-115.0;513.0;1;0
1307;-235.0;-128.0;513.0;1;0
1308;-305.0;-255.0;513.0;1;0
1309;-312.0;-185.0;514.0;1;0
1310;-210.0;-223.0;514.0;1;0
1311;-260.0;-43.0;515.0;1;0
1312;-48.0;-184.0;515.0;1;0
1313;-20.0;-199.0;515.0;1;0
1314;-177.0;-201.0;515.0;1;0
1315;-77.0;-38.0;517.0;1;0
1316;-37.0;-51.0;519.0;1;0
1317;-6.0;-126.0;519.0;1;0
1318;-198.0;-174.0;519.0;1;0
1319;-9.0;-273.0;519.0;1;0
1320;-258.0;-31.0;520.0;1;0
1321;-272.0;-251.0;520.0;1;0
1322;-246.0;-162.0;521.0;1;0
1323;-58.0;-169.0;521.0;1;0
1324;-293.0;-223.0;521.0;1;0
1325;-269.0;-238.0;521.0;1;0
1326;-136.0;-290.0;521.0;1;0
1327;-229.0;-170.0;523.0;1;0
1328;-13.0;-286.0;523.0;1;0
1329;-82.0;-53.0;524.0;1;0
1330;-19.0;-174.0;524.0;1;0
1331;-77.0;-294.0;525.0;1;0
1332;-135.0;-43.0;526.0;1;0
1333;-310.0;-60.0;526.0;1;0
1334;-239.0;-173.0;526.0;1;0
1335;-240.0;-245.0;526.0;1;0
1336;-122.0;-34.0;527.0;1;0
1337;-222.0;-96.0;527.0;1;0
1338;-151.0;-215.0;527.0;1;0
1339;-170.0;-31.0;528.0;1;0
1340;-224.0;-127.0;528.0;1;0
1341;-56.0;-291.0;529.0;1;0
1342;-188.0;-291.0;529.0;1;0
1343;-315.0;-42.0;531.0;1;0
1344;-311.0;-128.0;531.0;1;0
1345;-314.0;-169.0;531.0;1;0
1346;-73.0;-239.0;531.0;1;0
1347;-99.0;-201.0;532.0;1;0
1348;-221.0;-289.0;532.0;1;0
1349;-314.0;-109.0;533.0;1;0
1350;-258.0;-76.0;534.0;1;0
1351;-227.0;-292.0;534.0;1;0
1352;-149.0;-197.0;535.0;1;0
1353;-163.0;-28.0;537.0;1;0
1354;-194.0;-121.0;537.0;1;0
1355;-28.0;-153.0;537.0;1;0
1356;-186.0;-29.0;538.0;1;0
1357;-197.0;-266.0;538.0;1;0
1358;-14.0;-29.0;539.0;1;0
1359;-315.0;-248.0;539.0;1;0
1360;-286.0;-287.0;539.0;1;0
1361;-312.0;-77.0;540.0;1;0
1362;-70.0;-90.0;540.0;1;0
1363;-91.0;-102.0;540.0;1;0
1364;-203.0;-165.0;540.0;1;0
1365;-282.0;-196.0;540.0;1;0
1366;-314.0;-222.0;540.0;1;0
1367;-154.0;-95.0;541.0;1;0
1368;-48.0;-293.0;541.0;1;0
1369;-113.0;-286.0;542.0;1;0
1370;-137.0;-30.0;543.0;1;0
1371;-165.0;-91.0;543.0;1;0
1372;-28.0;-293.0;543.0;1;0
1373;-266.0;-294.0;543.0;1;0
1374;-236.0;-149.0;544.0;1;0
1375;-313.0;-156.0;544.0;1;0
1376;-161.0;-121.0;545.0;1;0
1377;-145.0;-180.0;546.0;1;0
1378;-125.0;-241.0;546.0;1;0
1379;-183.0;-60.0;547.0;1;0
1380;-264.0;-142.0;547.0;1;0
1381;-129.0;-290.0;547.0;1;0
1382;-7.0;-175.0;548.0;1;0
1383;-299.0;-279.0;548.0;1;0
1384;-77.0;-229.0;549.0;1;0
1385;-7.0;-255.0;549.0;1;0
1386;-195.0;-54.0;550.0;1;0
1387;-230.0;-139.0;550.0;1;0
1388;-192.0;-159.0;550.0;1;0
1389;-117.0;-189.0;550.0;1;0
1390;-113.0;-290.0;550.0;1;0
1391;-93.0;-292.0;551.0;1;0
1392;-141.0;-30.0;552.0;1;0
1393;-310.0;-134.0;552.0;1;0
1394;-106.0;-247.0;552.0;1;0
1395;-294.0;-292.0;553.0;1;0
1396;-310.0;-32.0;554.0;1;0
1397;-150.0;-123.0;555.0;1;0
1398;-273.0;-138.0;555.0;1;0
1399;-191.0;-261.0;555.0;1;0
1400;-9.0;-96.0;556.0;1;0
1401;-63.0;-236.0;556.0;1;0
1402;-225.0;-289.0;557.0;1;0
1403;-92.0;-119.0;558.0;1;0
1404;-234.0;-290.0;558.0;1;0
1405;-122.0;-33.0;559.0;1;0
1406;-208.0;-235.0;559.0;1;0
1407;-200.0;-243.0;559.0;1;0
1408;-276.0;-291.0;559.0;1;0
1409;-292.0;-32.0;560.0;1;0
1410;-314.0;-93.0;561.0;1;0
1411;-162.0;-151.0;561.0;1;0
1412;-249.0;-102.0;562.0;1;0
1413;-227.0;-238.0;563.0;1;0
1414;-259.0;-290.0;563.0;1;0
1415;-6.0;-292.0;565.0;1;0
1416;-101.0;-122.0;567.0;1;0
1417;-279.0;-256.0;568.0;1;0
1418;-25.0;-293.0;568.0;1;0
1419;-278.0;-291.0;571.0;1;0
1420;-120.0;-90.0;572.0;1;0
1421;-315.0;-200.0;572.0;1;0
1422;-251.0;-291.0;572.0;1;0
1423;-11.0;-28.0;573.0;1;0
1424;-178.0;-211.0;573.0;1;0
1425;-70.0;-293.0;574.0;1;0
1426;-313.0;-66.0;575.0;1;0
1427;-98.0;-292.0;575.0;1;0
1428;-310.0;-291.0;576.0;1;0
1429;-196.0;-295.0;576.0;1;0
1430;-65.0;-211.0;577.0;1;0
1431;-143.0;-291.0;577.0;1;0
1432;-8.0;-61.0;579.0;1;0
1433;-64.0;-159.0;579.0;1;0
1434;-138.0;-291.0;580.0;1;0
1435;-310.0;-37.0;581.0;1;0
1436;-139.0;-59.0;581.0;1;0
1437;-307.0;-79.0;581.0;1;0
1438;-315.0;-233.0;581.0;1;0
1439;-120.0;-142.0;582.0;1;0
1440;-291.0;-232.0;582.0;1;0
1441;-181.0;-293.0;582.0;1;0
1442;-6.0;-70.0;583.0;1;0
1443;-117.0;-87.0;583.0;1;0
1444;-218.0;-220.0;583.0;1;0
1445;-125.0;-293.0;583.0;1;0
1446;-89.0;-47.0;584.0;1;0
1447;-292.0;-57.0;584.0;1;0
1448;-7.0;-185.0;584.0;1;0
1449;-309.0;-210.0;584.0;1;0
1450;-10.0;-229.0;584.0;1;0
1451;-8.0;-272.0;584.0;1;0
1452;-239.0;-36.0;585.0;1;0
1453;-194.0;-98.0;585.0;1;0
1454;-70.0;-121.0;585.0;1;0
1455;-188.0;-203.0;585.0;1;0
1456;-209.0;-210.0;585.0;1;0
1457;-197.0;-285.0;585.0;1;0
1458;-249.0;-291.0;585.0;1;0
1459;-17.0;-44.0;586.0;1;0
1460;-275.0;-102.0;586.0;1;0
1461;-190.0;-141.0;586.0;1;0
1462;-315.0;-158.0;586.0;1;0
1463;-14.0;-167.0;586.0;1;0
1464;-284.0;-197.0;586.0;1;0
1465;-250.0;-205.0;586.0;1;0
1466;-56.0;-231.0;586.0;1;0
1467;-186.0;-268.0;586.0;1;0
1468;-144.0;-33.0;587.0;1;0
1469;-245.0;-48.0;587.0;1;0
1470;-283.0;-59.0;587.0;1;0
1471;-167.0;-90.0;587.0;1;0
1472;-154.0;-102.0;587.0;1;0
1473;-18.0;-119.0;587.0;1;0
1474;-74.0;-152.0;587.0;1;0
1475;-177.0;-165.0;587.0;1;0
1476;-240.0;-179.0;587.0;1;0
1477;-253.0;-210.0;587.0;1;0
1478;-280.0;-279.0;587.0;1;0
1479;-71.0;-30.0;588.0;1;0
1480;-184.0;-32.0;588.0;1;0
1481;-162.0;-39.0;588.0;1;0
1482;-308.0;-57.0;588.0;1;0
1483;-275.0;-75.0;588.0;1;0
1484;-176.0;-107.0;588.0;1;0
1485;-314.0;-111.0;588.0;1;0
1486;-14.0;-114.0;588.0;1;0
1487;-133.0;-162.0;588.0;1;0
1488;-98.0;-164.0;588.0;1;0
1489;-56.0;-167.0;588.0;1;0
1490;-18.0;-171.0;588.0;1;0
1491;-222.0;-186.0;588.0;1;0
1492;-168.0;-200.0;588.0;1;0
1493;-184.0;-213.0;588.0;1;0
1494;-201.0;-237.0;588.0;1;0
1495;-92.0;-30.0;589.0;1;0
1496;-298.0;-37.0;589.0;1;0
1497;-198.0;-63.0;589.0;1;0
1498;-235.0;-72.0;589.0;1;0
1499;-180.0;-96.0;589.0;1;0
1500;-119.0;-130.0;589.0;1;0
1501;-114.0;-154.0;589.0;1;0
1502;-121.0;-160.0;589.0;1;0
1503;-234.0;-166.0;589.0;1;0
1504;-160.0;-240.0;589.0;1;0
1505;-173.0;-275.0;589.0;1;0
1506;-105.0;-29.0;590.0;1;0
1507;-52.0;-34.0;590.0;1;0
1508;-183.0;-46.0;590.0;1;0
1509;-109.0;-62.0;590.0;1;0
1510;-221.0;-62.0;590.0;1;0
1511;-49.0;-65.0;590.0;1;0
1512;-109.0;-66.0;590.0;1;0
1513;-219.0;-71.0;590.0;1;0
1514;-99.0;-92.0;590.0;1;0
1515;-230.0;-99.0;590.0;1;0
1516;-194.0;-120.0;590.0;1;0
1517;-234.0;-120.0;590.0;1;0
1518;-40.0;-122.0;590.0;1;0
1519;-13.0;-133.0;590.0;1;0
1520;-256.0;-146.0;590.0;1;0
1521;-183.0;-150.0;590.0;1;0
1522;-157.0;-152.0;590.0;1;0
1523;-201.0;-152.0;590.0;1;0
1524;-16.0;-157.0;590.0;1;0
1525;-164.0;-166.0;590.0;1;0
1526;-270.0;-174.0;590.0;1;0
1527;-156.0;-179.0;590.0;1;0
1528;-198.0;-199.0;590.0;1;0
1529;-65.0;-200.0;590.0;1;0
1530;-230.0;-217.0;590.0;1;0
1531;-64.0;-249.0;590.0;1;0
1532;-297.0;-249.0;590.0;1;0
1533;-97.0;-54.0;591.0;1;0
1534;-72.0;-90.0;591.0;1;0
1535;-96.0;-129.0;591.0;1;0
1536;-246.0;-131.0;591.0;1;0
1537;-182.0;-137.0;591.0;1;0
1538;-22.0;-167.0;591.0;1;0
1539;-169.0;-189.0;591.0;1;0
1540;-201.0;-216.0;591.0;1;0
1541;-81.0;-272.0;591.0;1;0
1542;-249.0;-275.0;591.0;1;0
1543;-21.0;-292.0;591.0;1;0
1544;-236.0;-292.0;591.0;1;0
1545;-40.0;-293.0;591.0;1;0
1546;-164.0;-47.0;8.0;3;0
1547;-166.333;-49.3333;7.33333;3;0
1548;-25.0;-82.0;8.0;3;0
1549;-196.0;-94.0;8.0;3;0
1550;-154.0;-109.0;8.0;3;0
1551;-77.3333;-151.667;8.0;3;0
1552;-102.667;-145.0;8.66667;3;0
1553;-76.0;-231.0;9.0;3;0
1554;-236.0;-245.0;9.0;3;0
1555;-46.0;-94.0;10.0;3;0
1556;-14.0;-104.0;10.0;3;0
1557;-144.0;-194.0;10.0;3;0
1558;-144.667;-267.667;9.66667;3;0
1559;-248.0;-130.0;11.0;3;0
1560;-19.0;-131.0;11.0;3;0
1561;-16.0;-151.0;11.0;3;0
1562;-84.0;-194.0;12.0;3;0
1563;-232.0;-216.0;12.0;3;0
1564;-268.0;-68.0;13.0;3;0
1565;-146.0;-55.0;14.0;3;0
1566;-66.3333;-57.3333;13.3333;3;0
1567;-158.0;-58.0;14.0;3;0
1568;-170.333;-130.333;14.0;3;0
1569;-47.0;-206.0;14.0;3;0
1570;-241.333;-106.333;15.0;3;0
1571;-285.0;-212.0;15.0;3;0
1572;-126.0;-220.0;15.0;3;0
1573;-63.6667;-238.333;14.3333;3;0
1574;-249.333;-158.667;16.0;3;0
1575;-29.0;-197.0;16.0;3;0
1576;-303.0;-199.0;16.0;3;0
1577;-84.0;-52.0;17.0;3;0
1578;-296.0;-159.0;17.0;3;0
1579;-130.0;-219.0;17.0;3;0
1580;-271.0;-289.0;17.0;3;0
1581;-46.0;-41.0;18.0;3;0
1582;-193.0;-64.0;18.0;3;0
1583;-103.0;-179.0;18.0;3;0
1584;-275.667;-202.333;17.3333;3;0
1585;-80.0;-281.0;18.0;3;0
1586;-92.0;-69.0;19.0;3;0
1587;-137.0;-49.0;20.0;3;0
1588;-164.667;-143.667;19.3333;3;0
1589;-311.333;-57.5;19.3333;1;0
1590;-237.0;-212.0;21.0;3;0
1591;-139.0;-279.333;20.3333;3;0
1592;-309.333;-54.5;20.8333;2;0
1593;-21.0;-266.0;22.0;3;0
1594;-105.667;-269.667;21.3333;3;0
1595;-304.0;-48.0;23.0;2;0
1596;-307.333;-51.5;21.5;2;0
1597;-131.667;-119.333;22.3333;3;0
1598;-193.0;-62.0;24.0;3;0
1599;-93.0;-69.0;24.0;3;0
1600;-127.0;-119.0;24.0;3;0
1601;-189.667;-260.667;23.3333;3;0
1602;-95.0;-90.0;25.0;3;0
1603;-198.667;-236.333;25.3333;3;0
1604;-108.0;-257.0;26.0;3;0
1605;-298.0;-41.0;27.0;3;0
1606;-267.0;-93.0;27.0;3;0
1607;-199.333;-135.333;26.6667;3;0
1608;-268.0;-165.0;27.0;3;0
1609;-20.0;-200.0;27.0;3;0
1610;-299.333;-271.0;26.6667;3;0
1611;-192.0;-51.0;28.0;3;0
1612;-157.0;-145.0;28.0;3;0
1613;-30.0;-36.0;29.0;3;0
1614;-191.0;-126.0;29.0;3;0
1615;-309.0;-143.0;28.0;4;0
1616;-148.0;-202.0;29.0;3;0
1617;-34.0;-259.0;29.0;3;0
1618;-90.0;-47.0;31.0;3;0
1619;-307.0;-148.0;31.0;3;0
1620;-106.0;-177.0;31.0;3;0
1621;-40.0;-196.0;31.0;3;0
1622;-258.0;-197.0;32.0;3;0
1623;-12.0;-214.0;33.0;3;0
1624;-88.0;-42.0;34.0;3;0
1625;-88.0;-46.0;34.0;3;0
1626;-311.0;-149.0;34.0;3;0
1627;-289.0;-97.0;35.0;3;0
1628;-305.0;-155.0;35.0;3;0
1629;-40.3333;-234.333;35.0;5;0
1630;-100.667;-49.3333;37.0;3;0
1631;-37.0;-151.0;37.0;3;0
1632;-257.0;-36.0;38.0;3;0
1633;-27.0;-37.3333;38.3333;3;0
1634;-157.0;-147.0;39.0;3;0
1635;-44.0;-192.0;39.0;3;0
1636;-119.0;-230.0;39.0;3;0
1637;-275.333;-277.333;38.6667;3;0
1638;-187.333;-279.667;38.3333;3;0
1639;-310.0;-104.0;40.0;3;0
1640;-256.0;-192.0;40.0;3;0
1641;-294.0;-174.0;41.0;3;0
1642;-296.0;-176.0;41.0;3;0
1643;-48.0;-178.0;41.0;3;0
1644;-12.0;-239.0;41.0;3;0
1645;-213.0;-98.0;42.0;3;0
1646;-297.0;-98.0;42.0;3;0
1647;-20.3333;-124.667;41.6667;3;0
1648;-93.0;-147.0;42.0;3;0
1649;-60.0;-82.3333;42.6667;3;0
1650;-214.0;-271.0;43.0;3;0
1651;-144.0;-286.0;43.0;3;0
1652;-255.0;-85.0;44.0;3;0
1653;-246.0;-150.0;44.0;3;0
1654;-228.333;-178.333;44.6667;3;0
1655;-41.0;-210.0;45.0;3;0
1656;-221.667;-38.6667;45.6667;3;0
1657;-150.0;-73.0;46.0;3;0
1658;-176.0;-136.0;46.0;3;0
1659;-118.0;-42.0;47.0;3;0
1660;-50.0;-126.0;47.0;3;0
1661;-17.0;-128.0;47.0;3;0
1662;-197.667;-188.0;46.6667;3;0
1663;-156.0;-205.0;47.0;3;0
1664;-302.0;-230.0;47.0;3;0
1665;-181.0;-274.0;47.0;3;0
1666;-175.333;-277.667;46.3333;3;0
1667;-193.667;-73.3333;47.3333;3;0
1668;-255.0;-134.0;48.0;3;0
1669;-296.0;-218.0;48.0;3;0
1670;-57.0;-278.0;48.0;3;0
1671;-166.667;-114.333;48.6667;3;0
1672;-178.5;-272.5;48.5;4;0
1673;-266.0;-275.0;49.0;3;0
1674;-17.0;-280.0;49.0;3;0
1675;-308.667;-203.333;49.6667;3;0
1676;-235.0;-277.0;50.0;3;0
1677;-190.0;-112.0;51.0;3;0
1678;-279.0;-140.0;51.0;3;0
1679;-173.5;-199.5;50.5;4;0
1680;-173.0;-271.0;51.0;3;0
1681;-103.333;-108.667;51.3333;3;0
1682;-95.0;-216.0;52.0;3;0
1683;-79.0;-235.0;52.0;3;0
1684;-187.333;-240.667;51.3333;3;0
1685;-82.6667;-170.667;52.6667;3;0
1686;-73.6667;-58.3333;54.0;3;0
1687;-246.0;-235.0;54.0;3;0
1688;-66.0;-70.0;55.0;3;0
1689;-297.0;-215.0;55.0;3;0
1690;-98.0;-283.0;55.0;3;0
1691;-164.0;-50.0;56.0;3;0
1692;-20.0;-177.0;56.0;3;0
1693;-134.0;-210.0;57.0;3;0
1694;-298.0;-281.0;57.0;3;0
1695;-175.667;-35.0;57.6667;3;0
1696;-162.667;-70.3333;57.6667;3;0
1697;-32.0;-81.0;58.0;3;0
1698;-230.667;-110.333;57.3333;3;0
1699;-205.0;-189.0;58.0;3;0
1700;-62.0;-51.0;59.0;3;0
1701;-131.333;-37.0;59.3333;3;0
1702;-35.3333;-215.0;59.6667;3;0
1703;-67.0;-233.0;61.0;3;0
1704;-147.0;-42.0;62.0;3;0
1705;-51.0;-68.0;62.0;3;0
1706;-140.0;-162.0;62.0;3;0
1707;-261.0;-36.3333;62.6667;3;0
1708;-32.3333;-153.0;64.6667;3;0
1709;-234.0;-64.0;66.0;3;0
1710;-17.0;-98.0;66.0;3;0
1711;-57.0;-118.667;65.6667;3;0
1712;-213.0;-179.0;66.0;3;0
1713;-232.0;-204.333;65.6667;3;0
1714;-83.0;-239.0;66.0;3;0
1715;-95.0;-262.0;66.0;3;0
1716;-171.667;-183.333;66.3333;3;0
1717;-168.0;-191.0;67.0;3;0
1718;-132.0;-254.0;67.0;3;0
1719;-96.0;-260.0;67.0;3;0
1720;-232.0;-279.0;67.0;3;0
1721;-175.0;-61.0;68.0;3;0
1722;-88.0;-164.0;68.0;3;0
1723;-95.0;-257.0;68.0;3;0
1724;-300.0;-82.0;69.0;3;0
1725;-268.0;-186.0;69.0;3;0
1726;-120.0;-189.0;69.0;3;0
1727;-241.0;-194.0;69.0;3;0
1728;-28.0;-41.0;70.0;3;0
1729;-52.0;-219.0;70.0;3;0
1730;-115.0;-275.0;70.0;3;0
1731;-303.667;-77.3333;71.0;3;0
1732;-38.0;-177.0;71.0;3;0
1733;-272.667;-234.667;70.3333;3;0
1734;-305.0;-248.0;71.0;3;0
1735;-99.3333;-91.3333;71.3333;3;0
1736;-146.667;-110.667;71.6667;3;0
1737;-304.0;-155.0;72.0;2;0
1738;-94.6667;-165.333;71.3333;3;0
1739;-63.0;-191.0;72.0;3;0
1740;-290.667;-218.0;71.6667;3;0
1741;-16.0;-258.0;72.0;3;0
1742;-294.0;-271.0;72.0;3;0
1743;-303.895;-83.4211;70.8421;4;0
1744;-208.0;-71.0;74.0;3;0
1745;-116.0;-187.0;74.0;3;0
1746;-299.833;-78.5;74.0;5;0
1747;-28.0;-261.0;75.0;3;0
1748;-106.667;-82.6667;75.6667;3;0
1749;-302.5;-157.667;75.3333;2;0
1750;-76.0;-262.0;76.0;3;0
1751;-216.0;-263.0;76.0;3;0
1752;-191.333;-87.6667;76.3333;3;0
1753;-137.0;-124.667;76.3333;3;0
1754;-27.0;-261.0;77.0;3;0
1755;-62.6667;-283.667;76.6667;3;0
1756;-299.0;-160.0;78.0;2;0
1757;-118.0;-196.0;78.0;3;0
1758;-146.333;-235.333;77.6667;3;0
1759;-184.0;-257.0;78.0;3;0
1760;-100.333;-86.6667;78.6667;3;0
1761;-29.0;-263.0;79.0;3;0
1762;-252.667;-200.333;79.3333;3;0
1763;-307.0;-213.0;80.0;3;0
1764;-228.0;-258.0;80.0;3;0
1765;-132.333;-75.6667;80.3333;3;0
1766;-10.0;-193.0;81.0;2;0
1767;-182.25;-87.0;81.5;4;0
1768;-272.0;-229.0;82.0;3;0
1769;-228.0;-101.0;83.0;3;0
1770;-9.0;-193.0;83.0;2;0
1771;-21.0;-216.0;83.0;3;0
1772;-182.0;-83.0;84.0;3;0
1773;-186.0;-90.0;84.0;3;0
1774;-119.333;-152.0;83.6667;3;0
1775;-69.0;-257.0;84.0;3;0
1776;-64.0;-39.0;85.0;3;0
1777;-289.0;-97.0;85.0;3;0
1778;-166.0;-112.0;85.0;3;0
1779;-219.0;-225.0;85.0;3;0
1780;-288.333;-257.667;84.3333;3;0
1781;-185.0;-91.0;86.0;3;0
1782;-164.0;-259.0;86.0;3;0
1783;-135.0;-287.0;86.0;3;0
1784;-300.0;-49.0;87.0;3;0
1785;-92.6667;-44.3333;87.6667;3;0
1786;-118.0;-152.0;88.0;3;0
1787;-31.0;-49.0;90.0;3;0
1788;-64.3333;-95.3333;89.3333;3;0
1789;-259.333;-137.0;89.6667;3;0
1790;-222.0;-221.0;90.0;3;0
1791;-179.0;-195.0;91.0;3;0
1792;-141.0;-43.0;92.0;3;0
1793;-232.333;-258.333;91.3333;3;0
1794;-43.0;-273.0;92.0;3;0
1795;-185.0;-43.3333;92.3333;3;0
1796;-280.667;-166.333;92.6667;3;0
1797;-115.667;-212.667;93.6667;3;0
1798;-187.0;-282.0;94.0;3;0
1799;-268.0;-37.0;95.0;3;0
1800;-169.0;-101.0;95.0;3;0
1801;-116.0;-93.0;96.0;3;0
1802;-107.333;-140.667;95.6667;3;0
1803;-122.0;-265.0;96.0;3;0
1804;-283.0;-280.0;96.0;3;0
1805;-21.6667;-152.667;96.3333;3;0
1806;-208.0;-161.0;97.0;3;0
1807;-40.3333;-178.667;96.3333;3;0
1808;-121.0;-48.0;98.0;3;0
1809;-220.0;-97.0;98.0;3;0
1810;-249.0;-203.0;98.0;3;0
1811;-47.0;-278.0;98.0;3;0
1812;-30.0;-55.0;99.0;3;0
1813;-243.0;-63.0;99.0;3;0
1814;-16.3333;-63.3333;98.6667;3;0
1815;-251.0;-95.0;99.0;3;0
1816;-264.667;-161.333;99.6667;4;0
1817;-129.0;-261.0;100.0;3;0
1818;-231.0;-262.333;99.6667;3;0
1819;-28.0;-55.0;101.0;3;0
1820;-311.0;-179.0;101.0;3;0
1821;-232.667;-37.6667;101.333;3;0
1822;-112.0;-89.0;102.0;3;0
1823;-62.0;-210.333;101.667;3;0
1824;-15.0;-94.6667;102.333;3;0
1825;-75.0;-123.0;104.0;3;0
1826;-168.0;-131.0;104.0;3;0
1827;-69.6667;-139.667;103.333;3;0
1828;-136.0;-276.0;104.0;3;0
1829;-238.333;-280.667;104.0;3;0
1830;-65.6667;-118.667;105.0;3;0
1831;-273.667;-232.333;104.667;3;0
1832;-245.0;-279.0;105.0;3;0
1833;-178.333;-79.0;105.667;3;0
1834;-250.667;-131.333;105.667;3;0
1835;-300.333;-178.333;105.333;3;0
1836;-279.0;-272.0;106.0;3;0
1837;-252.0;-282.0;106.0;3;0
1838;-117.0;-157.0;107.0;3;0
1839;-154.0;-174.0;107.0;3;0
1840;-95.3333;-217.667;107.333;3;0
1841;-157.0;-229.0;108.0;3;0
1842;-232.0;-255.0;108.0;3;0
1843;-57.0;-88.0;109.0;3;0
1844;-42.0;-122.0;109.0;3;0
1845;-72.0;-133.0;109.0;3;0
1846;-156.667;-159.333;109.333;3;0
1847;-266.667;-189.667;109.333;3;0
1848;-123.0;-251.0;110.0;3;0
1849;-18.0;-258.0;110.0;3;0
1850;-52.0;-279.0;110.0;3;0
1851;-147.333;-38.6667;110.333;3;0
1852;-300.0;-39.0;111.0;3;0
1853;-60.0;-143.0;111.0;3;0
1854;-144.5;-41.5;111.5;3;0
1855;-155.0;-43.0;112.0;3;0
1856;-189.667;-122.0;111.333;3;0
1857;-211.0;-154.0;112.0;3;0
1858;-244.667;-221.667;111.333;3;0
1859;-146.0;-228.0;112.0;3;0
1860;-186.0;-39.0;113.0;3;0
1861;-80.1667;-80.5;111.5;3;0
1862;-135.333;-178.0;112.333;3;0
1863;-86.3333;-64.3333;113.333;3;0
1864;-225.0;-113.0;114.0;3;0
1865;-307.0;-204.0;114.0;3;0
1866;-166.0;-224.0;114.0;3;0
1867;-269.0;-281.0;114.0;3;0
1868;-245.0;-119.0;115.0;3;0
1869;-312.0;-173.0;115.0;3;0
1870;-227.0;-239.0;115.0;3;0
1871;-43.0;-65.0;116.0;3;0
1872;-81.8333;-84.3333;114.667;4;0
1873;-304.0;-130.0;116.0;3;0
1874;-22.0;-183.0;116.0;3;0
1875;-57.0;-184.0;116.0;3;0
1876;-144.0;-41.0;117.0;2;0
1877;-261.0;-90.0;117.0;3;0
1878;-137.0;-233.0;117.0;3;0
1879;-108.0;-250.0;118.0;3;0
1880;-99.0;-245.0;119.0;3;0
1881;-203.0;-143.0;120.0;3;0
1882;-285.667;-152.667;119.333;3;0
1883;-271.667;-73.6667;120.667;3;0
1884;-314.0;-169.0;121.0;1;0
1885;-57.0;-175.0;121.0;3;0
1886;-275.0;-215.0;121.0;3;0
1887;-124.0;-81.0;122.0;3;0
1888;-14.6667;-134.333;122.667;3;0
1889;-132.0;-209.0;123.0;3;0
1890;-75.0;-33.0;124.0;3;0
1891;-254.333;-45.3333;123.667;3;0
1892;-303.0;-209.0;125.0;3;0
1893;-288.0;-259.0;125.0;3;0
1894;-264.0;-43.0;126.0;2;0
1895;-29.6667;-124.0;125.333;3;0
1896;-195.0;-189.0;126.0;3;0
1897;-84.6667;-287.667;125.667;3;0
1898;-62.0;-162.0;127.0;3;0
1899;-248.0;-174.0;127.0;3;0
1900;-86.3333;-190.667;127.0;3;0
1901;-296.0;-264.0;127.0;3;0
1902;-192.0;-288.0;127.0;3;0
1903;-286.0;-54.0;128.0;3;0
1904;-58.0;-277.0;128.0;3;0
1905;-71.6667;-283.333;127.333;3;0
1906;-192.333;-37.0;128.333;3;0
1907;-267.75;-39.5;128.25;3;0
1908;-73.6667;-96.6667;128.333;3;0
1909;-112.0;-269.0;129.0;3;0
1910;-282.0;-270.667;128.333;3;0
1911;-33.0;-218.0;130.0;3;0
1912;-285.0;-251.0;130.0;3;0
1913;-229.667;-283.333;129.333;3;0
1914;-229.0;-77.0;131.0;3;0
1915;-258.333;-124.333;130.667;3;0
1916;-100.0;-245.0;131.0;3;0
1917;-57.0;-277.0;131.0;3;0
1918;-34.0;-53.0;132.0;3;0
1919;-113.667;-142.667;131.333;3;0
1920;-27.3333;-173.333;132.333;3;0
1921;-31.0;-52.0;134.0;3;0
1922;-24.0;-167.0;134.0;3;0
1923;-97.3333;-176.333;133.333;3;0
1924;-122.0;-129.0;135.0;3;0
1925;-184.0;-153.0;135.0;3;0
1926;-159.0;-218.667;134.333;3;0
1927;-21.6667;-285.333;134.333;3;0
1928;-78.0;-137.0;137.0;3;0
1929;-24.0;-168.0;137.0;3;0
1930;-261.0;-203.0;137.0;3;0
1931;-293.0;-205.0;137.0;3;0
1932;-15.3333;-285.667;136.333;3;0
1933;-98.6667;-208.667;138.0;3;0
1934;-247.0;-62.0;139.0;3;0
1935;-164.0;-69.3333;138.667;3;0
1936;-115.333;-75.6667;139.667;3;0
1937;-255.333;-154.667;139.333;3;0
1938;-200.0;-250.0;140.0;3;0
1939;-229.333;-283.0;139.667;3;0
1940;-145.0;-42.0;141.0;3;0
1941;-74.0;-220.0;141.0;3;0
1942;-210.0;-251.0;141.0;3;0
1943;-297.0;-63.0;142.0;3;0
1944;-14.0;-183.0;142.0;3;0
1945;-297.5;-155.5;142.5;4;0
1946;-216.0;-80.6667;143.667;3;0
1947;-309.0;-105.0;144.0;3;0
1948;-312.0;-225.0;144.0;3;0
1949;-305.667;-84.3333;145.0;3;0
1950;-208.0;-94.0;145.0;3;0
1951;-159.0;-275.0;145.0;3;0
1952;-232.667;-285.0;144.667;3;0
1953;-161.0;-65.6667;145.667;3;0
1954;-115.0;-168.333;145.333;3;0
1955;-248.333;-245.667;145.667;3;0
1956;-124.0;-78.0;147.0;3;0
1957;-146.333;-135.667;146.333;3;0
1958;-108.0;-40.0;148.0;3;0
1959;-202.333;-172.333;147.333;3;0
1960;-222.0;-210.333;147.333;3;0
1961;-239.0;-232.0;148.0;3;0
1962;-51.0;-266.0;148.0;3;0
1963;-288.0;-286.333;147.333;3;0
1964;-304.333;-44.3333;149.0;3;0
1965;-228.0;-139.0;149.0;3;0
1966;-223.4;-289.4;148.0;2;0
1967;-123.667;-32.0;149.333;3;0
1968;-277.333;-84.3333;149.333;3;0
1969;-145.667;-253.667;149.667;3;0
1970;-287.667;-149.667;150.333;3;0
1971;-238.0;-289.0;151.0;3;0
1972;-109.333;-166.667;151.333;3;0
1973;-294.333;-175.667;152.0;3;0
1974;-246.0;-228.0;152.0;3;0
1975;-105.0;-68.0;154.0;3;0
1976;-25.0;-233.0;154.0;3;0
1977;-179.0;-39.0;155.0;3;0
1978;-292.0;-171.0;155.0;3;0
1979;-125.0;-199.667;154.667;3;0
1980;-168.0;-71.0;156.0;3;0
1981;-269.333;-158.333;155.333;3;0
1982;-47.6667;-195.333;155.333;3;0
1983;-219.0;-243.0;156.0;3;0
1984;-243.0;-285.0;156.0;3;0
1985;-225.333;-39.3333;156.667;3;0
1986;-50.0;-92.0;157.0;3;0
1987;-200.0;-187.0;157.0;3;0
1988;-54.0;-206.0;157.0;3;0
1989;-151.0;-223.0;157.0;3;0
1990;-220.0;-47.0;158.0;3;0
1991;-190.667;-118.667;157.667;3;0
1992;-185.0;-258.333;157.333;3;0
1993;-60.0;-173.333;158.333;3;0
1994;-13.0;-253.0;159.0;3;0
1995;-253.0;-273.0;159.0;3;0
1996;-39.0;-35.0;160.0;3;0
1997;-83.0;-108.0;160.0;3;0
1998;-187.667;-121.333;159.333;3;0
1999;-277.0;-48.0;162.0;2;0
2000;-83.3333;-135.333;161.333;3;0
2001;-55.0;-144.0;162.0;3;0
2002;-152.0;-194.333;161.333;3;0
2003;-272.8;-46.6;161.4;4;0
2004;-303.0;-137.0;163.0;3;0
2005;-271.0;-164.0;163.0;3;0
2006;-46.0;-267.0;163.0;3;0
2007;-50.0;-36.0;164.0;3;0
2008;-116.333;-109.667;163.667;3;0
2009;-146.667;-228.333;163.333;3;0
2010;-53.3333;-260.333;163.667;3;0
2011;-133.0;-280.0;164.0;3;0
2012;-148.0;-42.0;165.0;3;0
2013;-223.0;-157.0;165.0;3;0
2014;-131.0;-160.0;165.0;3;0
2015;-120.333;-268.667;164.333;3;0
2016;-185.0;-269.0;165.0;3;0
2017;-21.0;-178.0;166.0;3;0
2018;-35.6667;-189.0;165.333;3;0
2019;-233.667;-87.3333;166.667;3;0
2020;-185.333;-128.667;166.333;3;0
2021;-104.667;-167.333;166.667;3;0
2022;-111.333;-253.333;167.667;3;0
2023;-122.333;-86.3333;168.667;3;0
2024;-267.5;-116.167;168.167;4;0
2025;-137.0;-151.333;168.667;3;0
2026;-177.333;-155.667;168.667;3;0
2027;-302.0;-211.0;169.0;3;0
2028;-214.667;-245.333;168.333;3;0
2029;-173.0;-279.0;169.0;2;0
2030;-31.0;-33.0;170.0;3;0
2031;-302.667;-54.3333;169.333;3;0
2032;-173.0;-283.0;168.75;3;0
2033;-62.0;-208.0;171.0;3;0
2034;-287.0;-255.0;171.0;3;0
2035;-293.333;-285.333;171.667;3;0
2036;-77.0;-247.0;173.0;3;0
2037;-93.3333;-70.6667;173.667;3;0
2038;-227.0;-166.0;174.0;3;0
2039;-85.3333;-60.6667;174.667;3;0
2040;-249.667;-206.333;174.667;3;0
2041;-240.0;-75.0;176.0;3;0
2042;-278.667;-82.6667;175.667;3;0
2043;-42.3333;-150.667;175.667;3;0
2044;-99.6667;-286.333;176.0;3;0
2045;-161.0;-75.0;177.0;3;0
2046;-28.0;-109.0;177.0;3;0
2047;-213.0;-120.0;177.0;3;0
2048;-156.0;-180.0;177.0;3;0
2049;-145.0;-225.0;179.0;3;0
2050;-165.0;-234.0;179.0;3;0
2051;-208.0;-119.0;180.0;3;0
2052;-39.0;-87.0;181.0;3;0
2053;-66.0;-250.0;181.0;3;0
2054;-53.0;-88.0;182.0;3;0
2055;-95.0;-107.0;182.0;3;0
2056;-253.333;-175.333;181.667;3;0
2057;-100.0;-206.0;183.0;3;0
2058;-277.667;-217.0;183.333;3;0
2059;-277.0;-258.0;184.0;3;0
2060;-89.0;-281.0;185.0;3;0
2061;-79.6667;-46.3333;185.333;3;0
2062;-128.333;-47.6667;185.667;3;0
2063;-310.0;-96.0;186.0;3;0
2064;-202.0;-108.0;186.0;3;0
2065;-297.0;-149.0;186.0;3;0
2066;-244.0;-170.0;186.0;3;0
2067;-202.667;-274.667;185.333;3;0
2068;-75.3333;-202.667;186.667;3;0
2069;-34.0;-78.0;188.0;3;0
2070;-211.0;-143.0;188.0;3;0
2071;-261.0;-257.0;188.0;3;0
2072;-196.333;-190.333;188.333;3;0
2073;-81.6667;-272.333;188.667;3;0
2074;-273.0;-56.0;190.0;3;0
2075;-149.333;-91.6667;189.333;3;0
2076;-46.0;-180.0;190.0;3;0
2077;-98.0;-210.0;191.0;3;0
2078;-72.6667;-128.667;191.667;3;0
2079;-19.0;-194.0;192.0;3;0
2080;-108.667;-239.667;191.667;3;0
2081;-217.667;-250.333;191.667;3;0
2082;-256.167;-286.667;192.0;3;0
2083;-295.667;-65.3333;193.0;3;0
2084;-205.0;-76.0;193.0;3;0
2085;-257.0;-92.0;193.0;3;0
2086;-13.3333;-122.333;192.667;3;0
2087;-65.0;-249.333;192.667;3;0
2088;-203.0;-32.0;194.0;3;0
2089;-289.333;-59.3333;194.0;3;0
2090;-79.0;-119.0;194.0;3;0
2091;-305.333;-131.333;193.667;3;0
2092;-292.0;-219.0;194.0;3;0
2093;-64.3333;-256.667;194.0;3;0
2094;-288.667;-149.667;194.333;3;0
2095;-58.0;-187.0;195.0;3;0
2096;-24.0;-221.0;195.0;3;0
2097;-16.0;-275.0;195.0;3;0
2098;-247.0;-282.0;195.0;3;0
2099;-114.667;-150.667;195.333;3;0
2100;-241.667;-73.3333;196.667;3;0
2101;-195.0;-101.0;197.0;3;0
2102;-183.333;-119.333;196.667;3;0
2103;-118.0;-256.0;197.0;3;0
2104;-185.0;-136.667;197.333;3;0
2105;-240.667;-118.333;199.0;3;0
2106;-239.0;-147.0;199.0;3;0
2107;-171.667;-45.6667;199.667;3;0
2108;-49.0;-277.0;200.0;3;0
2109;-249.667;-106.667;200.333;3;0
2110;-141.667;-179.667;200.333;3;0
2111;-227.0;-239.0;202.0;3;0
2112;-295.667;-124.333;202.333;3;0
2113;-261.333;-155.333;203.0;3;0
2114;-305.0;-52.2;203.0;4;0
2115;-261.0;-49.3333;204.333;3;0
2116;-309.0;-49.0;206.0;3;0
2117;-267.667;-64.3333;205.667;3;0
2118;-184.0;-187.0;206.0;3;0
2119;-150.0;-41.0;207.0;3;0
2120;-236.0;-218.0;207.0;3;0
2121;-300.333;-48.3333;207.333;3;0
2122;-260.0;-60.0;208.0;3;0
2123;-258.333;-163.333;207.333;3;0
2124;-73.0;-176.0;208.0;3;0
2125;-189.0;-235.0;208.0;3;0
2126;-300.0;-263.0;208.0;3;0
2127;-179.333;-107.333;208.333;3;0
2128;-223.333;-174.333;208.667;3;0
2129;-122.0;-215.0;209.0;3;0
2130;-286.0;-257.0;209.0;3;0
2131;-59.6667;-126.333;209.667;3;0
2132;-170.0;-177.0;210.0;3;0
2133;-300.667;-188.667;209.667;3;0
2134;-32.3333;-212.667;209.333;3;0
2135;-195.667;-62.3333;210.333;3;0
2136;-54.0;-285.0;211.0;3;0
2137;-104.667;-49.3333;211.333;3;0
2138;-280.0;-196.0;212.0;3;0
2139;-308.0;-268.0;212.0;3;0
2140;-120.0;-243.0;213.0;3;0
2141;-130.333;-142.667;214.0;3;0
2142;-163.0;-152.0;214.0;3;0
2143;-239.0;-202.667;213.333;3;0
2144;-155.667;-267.333;213.667;3;0
2145;-85.3333;-76.6667;214.333;3;0
2146;-302.0;-153.0;215.0;3;0
2147;-289.333;-256.0;214.667;3;0
2148;-247.0;-52.0;216.0;3;0
2149;-15.0;-151.0;216.0;3;0
2150;-197.0;-224.0;216.0;3;0
2151;-274.0;-280.667;215.333;3;0
2152;-242.0;-71.0;217.0;3;0
2153;-149.0;-95.0;217.0;3;0
2154;-260.333;-108.333;216.333;3;0
2155;-78.0;-146.0;217.0;3;0
2156;-140.667;-246.0;216.333;3;0
2157;-303.0;-41.0;218.0;3;0
2158;-15.0;-231.0;218.0;3;0
2159;-191.667;-242.333;217.333;3;0
2160;-118.0;-42.0;219.0;3;0
2161;-106.0;-117.0;219.0;3;0
2162;-306.0;-150.0;220.0;3;0
2163;-56.3333;-240.333;220.0;3;0
2164;-176.333;-72.3333;220.667;3;0
2165;-112.0;-81.0;222.0;3;0
2166;-232.0;-88.0;222.0;3;0
2167;-23.0;-91.0;222.0;3;0
2168;-67.6667;-214.333;222.667;3;0
2169;-9.0;-73.0;224.0;3;0
2170;-117.0;-91.0;224.0;3;0
2171;-240.667;-80.6667;224.333;3;0
2172;-210.0;-272.0;225.0;3;0
2173;-56.6667;-102.333;225.667;3;0
2174;-213.0;-167.0;226.0;3;0
2175;-21.0;-191.0;226.0;3;0
2176;-232.0;-48.0;227.0;3;0
2177;-229.0;-124.0;227.0;3;0
2178;-23.0;-212.0;227.0;3;0
2179;-47.6667;-230.667;226.333;3;0
2180;-126.0;-184.0;228.0;3;0
2181;-279.0;-245.0;228.0;3;0
2182;-43.0;-47.0;229.0;3;0
2183;-161.667;-100.0;228.333;3;0
2184;-163.0;-191.0;229.0;3;0
2185;-307.0;-54.0;230.0;3;0
2186;-263.0;-133.0;230.0;3;0
2187;-264.667;-83.3333;230.333;3;0
2188;-170.0;-138.0;231.0;3;0
2189;-94.0;-106.0;232.0;3;0
2190;-217.0;-113.0;232.0;3;0
2191;-210.0;-126.0;232.0;3;0
2192;-213.0;-235.0;232.0;3;0
2193;-135.0;-190.0;233.0;3;0
2194;-156.667;-206.667;232.333;3;0
2195;-219.333;-157.667;234.333;3;0
2196;-73.0;-197.0;235.0;3;0
2197;-267.0;-242.0;235.0;3;0
2198;-143.0;-38.0;236.0;3;0
2199;-48.6667;-268.333;235.333;3;0
2200;-175.0;-255.0;237.0;3;0
2201;-19.0;-97.0;238.0;3;0
2202;-256.333;-222.667;237.667;3;0
2203;-174.0;-244.0;238.0;3;0
2204;-131.0;-254.0;238.0;3;0
2205;-10.0;-280.0;238.0;3;0
2206;-42.3333;-81.6667;238.333;3;0
2207;-23.6667;-180.667;238.667;3;0
2208;-200.667;-73.6667;239.667;3;0
2209;-274.0;-161.0;240.0;3;0
2210;-177.0;-280.0;240.0;3;0
2211;-110.0;-281.0;240.0;3;0
2212;-262.333;-104.667;240.333;3;0
2213;-35.0;-285.0;241.0;3;0
2214;-159.667;-58.6667;241.333;3;0
2215;-161.0;-284.0;242.0;3;0
2216;-79.6667;-195.333;242.333;3;0
2217;-130.667;-199.667;242.333;3;0
2218;-52.0;-274.0;243.0;3;0
2219;-70.0;-145.0;244.0;3;0
2220;-212.0;-148.0;244.0;3;0
2221;-96.0;-234.0;244.0;3;0
2222;-260.0;-282.0;244.0;3;0
2223;-48.0;-149.0;245.0;3;0
2224;-38.0;-38.0;246.0;3;0
2225;-78.0;-237.0;246.0;3;0
2226;-152.333;-236.667;246.333;3;0
2227;-303.667;-285.333;246.333;3;0
2228;-99.0;-178.0;248.0;3;0
2229;-189.667;-273.667;247.667;3;0
2230;-133.0;-42.0;249.0;3;0
2231;-38.3333;-192.667;248.667;3;0
2232;-18.0;-221.0;249.0;3;0
2233;-287.0;-278.0;249.0;3;0
2234;-171.0;-104.0;250.0;3;0
2235;-123.667;-149.667;249.333;3;0
2236;-132.333;-160.333;249.333;3;0
2237;-233.0;-61.0;251.0;3;0
2238;-93.6667;-145.333;250.333;3;0
2239;-307.0;-32.0;252.0;3;0
2240;-19.6667;-208.333;251.667;3;0
2241;-254.0;-278.0;252.0;3;0
2242;-95.0;-112.0;253.0;3;0
2243;-31.3333;-180.333;252.333;3;0
2244;-201.0;-224.0;253.0;3;0
2245;-249.0;-189.0;254.0;3;0
2246;-263.0;-132.0;255.0;3;0
2247;-128.0;-136.0;255.0;3;0
2248;-31.0;-203.0;255.0;3;0
2249;-138.667;-214.667;254.667;3;0
2250;-176.0;-111.0;256.0;3;0
2251;-41.0;-151.0;256.0;3;0
2252;-201.0;-39.0;259.0;3;0
2253;-200.0;-158.0;259.0;3;0
2254;-160.0;-194.0;260.0;3;0
2255;-220.0;-98.6667;260.333;3;0
2256;-303.0;-33.3333;261.333;3;0
2257;-225.0;-40.0;262.0;3;0
2258;-79.0;-46.0;262.0;3;0
2259;-161.0;-73.0;262.0;3;0
2260;-11.6667;-107.667;262.667;3;0
2261;-131.333;-131.333;263.667;3;0
2262;-288.667;-140.0;263.333;3;0
2263;-246.0;-167.0;264.0;3;0
2264;-193.667;-240.333;263.333;3;0
2265;-185.0;-42.0;266.0;3;0
2266;-83.0;-250.333;265.333;3;0
2267;-130.0;-49.0;267.0;3;0
2268;-131.667;-68.6667;268.667;3;0
2269;-47.3333;-51.3333;269.667;3;0
2270;-26.0;-58.0;270.0;3;0
2271;-297.0;-136.0;270.0;3;0
2272;-204.333;-271.0;269.667;3;0
2273;-123.0;-286.0;270.0;3;0
2274;-308.0;-69.0;271.0;3;0
2275;-238.667;-209.667;270.333;3;0
2276;-137.667;-271.333;270.667;3;0
2277;-143.333;-143.333;272.0;3;0
2278;-175.333;-170.333;271.667;3;0
2279;-63.3333;-175.333;272.0;3;0
2280;-86.3333;-257.333;271.333;3;0
2281;-86.0;-267.0;272.0;3;0
2282;-252.667;-33.3333;272.333;3;0
2283;-18.0;-233.0;273.0;3;0
2284;-299.333;-232.667;272.667;3;0
2285;-140.0;-261.0;273.0;3;0
2286;-123.667;-278.333;273.0;3;0
2287;-258.0;-244.0;274.0;3;0
2288;-241.667;-270.333;273.667;3;0
2289;-299.667;-280.667;274.0;3;0
2290;-257.667;-38.3333;274.667;3;0
2291;-93.0;-70.0;275.0;3;0
2292;-76.6667;-121.0;274.333;3;0
2293;-203.333;-251.0;274.333;3;0
2294;-21.3333;-122.667;275.333;3;0
2295;-110.667;-283.333;275.333;3;0
2296;-142.0;-220.0;277.0;3;0
2297;-31.6667;-39.3333;277.333;3;0
2298;-92.3333;-76.6667;277.333;3;0
2299;-151.0;-151.0;278.0;3;0
2300;-13.0;-213.333;277.667;3;0
2301;-41.0;-236.0;278.0;3;0
2302;-216.667;-257.333;277.667;3;0
2303;-92.0;-288.0;278.0;3;0
2304;-223.667;-97.3333;278.667;3;0
2305;-163.667;-256.333;278.667;3;0
2306;-219.667;-263.333;278.167;3;0
2307;-289.333;-42.3333;279.667;3;0
2308;-265.667;-51.3333;279.667;3;0
2309;-289.0;-57.0;280.0;3;0
2310;-208.0;-167.0;280.0;3;0
2311;-225.0;-264.0;280.0;3;0
2312;-41.6667;-60.6667;280.667;3;0
2313;-104.0;-206.0;281.0;3;0
2314;-272.0;-68.0;284.0;3;0
2315;-227.0;-98.3333;283.667;3;0
2316;-185.0;-111.0;284.0;3;0
2317;-132.0;-192.0;284.0;3;0
2318;-17.0;-210.0;284.0;3;0
2319;-301.667;-257.667;283.667;3;0
2320;-209.667;-195.667;284.333;3;0
2321;-144.0;-231.0;285.0;3;0
2322;-66.0;-233.0;286.0;3;0
2323;-253.667;-247.333;285.667;3;0
2324;-217.0;-43.6667;287.667;3;0
2325;-36.3333;-125.333;287.667;3;0
2326;-308.0;-202.0;288.0;3;0
2327;-58.0;-94.0;289.0;3;0
2328;-304.333;-258.333;288.333;3;0
2329;-191.0;-272.0;289.0;3;0
2330;-17.3333;-53.6667;289.667;3;0
2331;-187.0;-75.0;290.0;3;0
2332;-49.0;-66.0;291.0;3;0
2333;-136.0;-91.0;291.0;3;0
2334;-149.333;-137.333;290.333;3;0
2335;-113.5;-205.0;290.75;4;0
2336;-235.333;-200.333;292.0;3;0
2337;-229.0;-209.0;292.0;3;0
2338;-113.0;-255.333;291.667;3;0
2339;-261.0;-178.0;293.0;3;0
2340;-231.0;-211.0;293.0;3;0
2341;-311.0;-41.0;294.0;3;0
2342;-119.0;-123.0;294.0;3;0
2343;-223.0;-117.0;295.0;3;0
2344;-113.0;-176.0;295.0;3;0
2345;-261.0;-184.0;296.0;3;0
2346;-264.0;-270.0;296.0;3;0
2347;-102.667;-53.6667;297.667;3;0
2348;-299.0;-130.0;298.0;3;0
2349;-17.0;-160.0;298.0;3;0
2350;-55.0;-206.667;297.667;3;0
2351;-299.333;-261.333;299.667;3;0
2352;-231.25;-264.0;299.75;4;0
2353;-240.0;-85.0;301.0;3;0
2354;-22.0;-152.0;302.0;3;0
2355;-85.0;-188.0;302.0;3;0
2356;-230.0;-214.0;302.0;2;0
2357;-82.3333;-126.0;302.667;3;0
2358;-189.0;-182.0;303.0;3;0
2359;-192.0;-238.0;303.0;3;0
2360;-166.667;-132.333;303.333;3;0
2361;-266.0;-159.0;304.0;3;0
2362;-298.667;-173.667;303.333;3;0
2363;-264.667;-42.6667;304.667;3;0
2364;-98.0;-234.0;305.0;3;0
2365;-36.0;-36.0;306.0;3;0
2366;-228.5;-215.5;305.5;3;0
2367;-161.333;-261.333;306.0;3;0
2368;-65.6667;-277.333;305.333;3;0
2369;-139.667;-279.667;305.333;3;0
2370;-277.333;-90.3333;306.667;3;0
2371;-126.333;-138.333;306.667;3;0
2372;-181.0;-193.0;307.0;3;0
2373;-157.0;-259.0;307.0;3;0
2374;-303.0;-61.0;308.0;3;0
2375;-278.667;-123.333;307.333;3;0
2376;-84.3333;-144.0;307.667;3;0
2377;-101.0;-152.0;308.0;3;0
2378;-92.0;-244.0;308.0;3;0
2379;-183.8;-247.0;307.0;4;0
2380;-106.0;-53.0;309.0;3;0
2381;-54.0;-61.0;309.0;3;0
2382;-66.0;-155.0;309.0;3;0
2383;-301.0;-169.0;309.0;3;0
2384;-142.667;-281.667;308.333;3;0
2385;-45.6667;-59.6667;309.333;3;0
2386;-28.0;-110.0;310.0;3;0
2387;-118.0;-149.0;310.0;3;0
2388;-12.0;-190.667;309.667;3;0
2389;-182.0;-192.0;310.0;3;0
2390;-62.0;-211.0;310.0;3;0
2391;-52.6667;-63.3333;310.667;3;0
2392;-240.333;-144.667;310.333;3;0
2393;-256.0;-152.0;311.0;3;0
2394;-92.0;-37.0;312.0;3;0
2395;-207.0;-89.0;312.0;3;0
2396;-24.0;-44.0;313.0;3;0
2397;-197.0;-45.0;313.0;3;0
2398;-203.333;-225.333;312.333;3;0
2399;-221.0;-34.0;314.0;3;0
2400;-18.3333;-106.667;313.333;3;0
2401;-214.0;-276.333;313.333;3;0
2402;-229.0;-53.0;315.0;3;0
2403;-20.6667;-151.667;314.333;3;0
2404;-169.333;-187.333;314.667;3;0
2405;-189.333;-110.333;315.667;3;0
2406;-276.667;-284.667;316.0;3;0
2407;-90.3333;-36.6667;316.667;3;0
2408;-220.667;-42.6667;317.0;3;0
2409;-57.0;-59.0;317.0;3;0
2410;-260.0;-211.0;317.0;3;0
2411;-236.333;-275.667;316.667;3;0
2412;-240.667;-56.6667;317.667;3;0
2413;-231.0;-175.0;318.0;3;0
2414;-274.0;-189.0;318.0;3;0
2415;-88.0;-34.0;319.0;3;0
2416;-258.0;-89.0;319.0;3;0
2417;-248.0;-238.0;319.0;3;0
2418;-12.0;-78.0;320.0;3;0
2419;-161.0;-96.3333;319.333;3;0
2420;-220.0;-89.0;322.0;3;0
2421;-301.0;-142.0;322.0;3;0
2422;-22.0;-246.0;322.0;3;0
2423;-147.667;-159.667;322.667;3;0
2424;-214.333;-180.667;323.333;3;0
2425;-92.0;-230.0;324.0;3;0
2426;-89.0;-261.667;323.333;3;0
2427;-297.667;-32.0;324.333;3;0
2428;-303.0;-140.0;325.0;3;0
2429;-21.0;-240.0;325.0;3;0
2430;-248.333;-280.667;324.333;3;0
2431;-158.667;-178.667;325.333;3;0
2432;-276.0;-238.0;327.0;3;0
2433;-303.333;-244.667;326.667;3;0
2434;-273.0;-33.0;328.0;3;0
2435;-305.0;-60.0;328.0;3;0
2436;-190.667;-64.3333;327.667;3;0
2437;-160.667;-105.0;327.667;3;0
2438;-19.0;-156.0;328.0;3;0
2439;-67.0;-184.0;328.0;3;0
2440;-16.0;-103.0;329.0;3;0
2441;-293.0;-163.0;329.0;3;0
2442;-289.0;-252.0;329.0;3;0
2443;-293.0;-269.0;329.0;3;0
2444;-197.0;-46.3333;329.667;3;0
2445;-302.0;-76.0;330.0;3;0
2446;-141.0;-95.0;330.0;3;0
2447;-90.0;-217.0;330.0;3;0
2448;-120.0;-37.0;331.0;3;0
2449;-290.333;-84.6667;330.667;3;0
2450;-185.0;-204.0;331.0;3;0
2451;-280.333;-244.667;330.667;3;0
2452;-27.3333;-199.0;331.333;3;0
2453;-83.3333;-56.6667;332.333;3;0
2454;-234.0;-103.0;333.0;3;0
2455;-47.6667;-136.667;332.333;3;0
2456;-43.0;-280.0;333.0;3;0
2457;-128.0;-197.0;334.0;3;0
2458;-157.0;-254.0;334.0;3;0
2459;-85.0;-265.333;333.667;3;0
2460;-295.333;-273.0;333.333;3;0
2461;-23.0;-276.0;334.0;3;0
2462;-90.0;-53.0;335.0;3;0
2463;-124.333;-90.6667;334.667;3;0
2464;-240.333;-116.333;334.333;3;0
2465;-267.0;-40.0;336.0;3;0
2466;-249.0;-214.667;337.333;3;0
2467;-76.0;-106.0;339.0;3;0
2468;-307.0;-119.667;338.333;3;0
2469;-179.333;-136.333;339.333;3;0
2470;-108.0;-138.0;340.0;3;0
2471;-122.667;-207.667;341.0;3;0
2472;-24.0;-251.0;341.0;3;0
2473;-45.0;-283.0;341.0;3;0
2474;-258.0;-51.0;342.0;3;0
2475;-147.0;-114.0;342.0;3;0
2476;-158.0;-183.333;341.667;3;0
2477;-97.0;-185.0;343.0;3;0
2478;-190.0;-257.0;343.0;3;0
2479;-312.0;-103.0;344.0;3;0
2480;-83.0;-275.0;344.0;3;0
2481;-192.0;-291.0;344.0;3;0
2482;-293.0;-34.0;345.0;3;0
2483;-302.0;-38.0;345.0;3;0
2484;-83.6667;-238.0;344.667;3;0
2485;-151.0;-283.0;345.0;3;0
2486;-304.0;-44.0;346.0;3;0
2487;-96.0;-101.0;346.0;3;0
2488;-191.0;-132.0;346.0;3;0
2489;-242.333;-177.0;345.667;3;0
2490;-34.0;-202.0;346.0;3;0
2491;-41.0;-281.0;346.0;3;0
2492;-246.333;-35.6667;346.333;3;0
2493;-18.0;-154.0;347.0;3;0
2494;-27.3333;-47.6667;347.333;3;0
2495;-188.0;-197.0;348.0;3;0
2496;-108.0;-48.0;349.0;3;0
2497;-139.667;-244.333;348.667;3;0
2498;-49.0;-53.0;350.0;3;0
2499;-173.333;-81.6667;349.333;3;0
2500;-103.0;-184.0;350.0;3;0
2501;-215.0;-75.0;351.0;3;0
2502;-278.0;-164.0;351.0;3;0
2503;-227.667;-201.333;350.667;3;0
2504;-284.333;-263.667;350.333;3;0
2505;-246.0;-273.0;351.0;3;0
2506;-198.0;-38.0;353.0;3;0
2507;-245.0;-120.0;354.0;3;0
2508;-126.0;-196.0;354.0;3;0
2509;-185.667;-240.667;353.333;3;0
2510;-201.0;-263.333;353.667;3;0
2511;-126.0;-38.0;355.0;3;0
2512;-141.667;-34.0;355.333;3;0
2513;-66.0;-88.0;357.0;3;0
2514;-174.0;-197.0;357.0;3;0
2515;-31.0;-251.0;357.0;3;0
2516;-221.0;-73.0;358.0;3;0
2517;-134.0;-169.0;358.0;2;0
2518;-222.333;-230.667;357.667;3;0
2519;-301.333;-72.6667;358.667;3;0
2520;-200.667;-148.333;358.333;3;0
2521;-51.3333;-210.333;360.0;3;0
2522;-28.0;-252.25;359.0;4;0
2523;-69.0;-51.0;361.0;3;0
2524;-163.0;-148.667;360.333;3;0
2525;-131.667;-168.667;360.333;2;0
2526;-197.0;-283.0;361.0;3;0
2527;-258.333;-110.667;362.0;3;0
2528;-237.0;-186.0;362.0;3;0
2529;-192.0;-280.0;362.0;3;0
2530;-188.0;-85.0;363.0;3;0
2531;-300.0;-115.0;363.0;3;0
2532;-265.667;-118.667;363.667;3;0
2533;-72.0;-145.667;363.667;3;0
2534;-258.333;-74.3333;364.333;3;0
2535;-15.3333;-199.333;364.333;3;0
2536;-109.333;-233.667;364.667;3;0
2537;-186.333;-274.667;364.333;3;0
2538;-231.0;-33.0;366.0;3;0
2539;-83.0;-155.667;365.333;3;0
2540;-255.0;-62.0;367.0;3;0
2541;-125.333;-123.0;366.333;3;0
2542;-155.0;-137.0;367.0;3;0
2543;-236.0;-237.0;367.0;3;0
2544;-105.0;-238.0;367.0;3;0
2545;-66.0;-136.0;368.0;3;0
2546;-73.0;-287.0;368.0;3;0
2547;-228.0;-162.0;369.0;3;0
2548;-22.3333;-162.333;368.667;3;0
2549;-296.0;-75.0;370.0;3;0
2550;-292.0;-196.0;370.0;3;0
2551;-136.667;-256.667;369.667;3;0
2552;-54.0;-76.0;371.0;3;0
2553;-305.333;-166.333;370.333;3;0
2554;-22.0;-171.0;371.0;3;0
2555;-178.0;-205.0;371.0;3;0
2556;-291.667;-216.333;371.0;3;0
2557;-113.0;-66.0;372.0;3;0
2558;-42.0;-195.0;372.0;3;0
2559;-276.333;-203.333;372.0;3;0
2560;-152.0;-285.0;372.0;3;0
2561;-46.0;-288.0;372.0;3;0
2562;-227.0;-81.0;373.0;3;0
2563;-41.0;-117.0;373.0;3;0
2564;-104.667;-80.3333;373.333;3;0
2565;-273.0;-212.0;374.0;3;0
2566;-198.0;-243.667;373.667;3;0
2567;-58.6667;-261.333;373.667;3;0
2568;-293.0;-70.0;377.0;3;0
2569;-158.0;-193.0;377.0;3;0
2570;-86.6667;-215.0;376.333;3;0
2571;-120.0;-275.0;377.0;3;0
2572;-16.6667;-99.3333;377.333;3;0
2573;-58.6667;-195.333;377.333;3;0
2574;-295.0;-275.0;378.0;3;0
2575;-150.8;-283.4;377.2;4;0
2576;-147.333;-81.3333;378.667;3;0
2577;-191.0;-215.0;380.0;3;0
2578;-163.0;-284.0;380.0;3;0
2579;-230.0;-95.0;381.0;3;0
2580;-172.0;-288.0;381.0;3;0
2581;-241.0;-151.0;382.0;3;0
2582;-262.333;-171.667;383.667;3;0
2583;-29.6667;-196.0;383.333;3;0
2584;-192.0;-216.0;384.0;3;0
2585;-300.0;-271.0;385.0;2;0
2586;-299.0;-273.333;383.5;3;0
2587;-250.667;-279.667;384.333;3;0
2588;-294.0;-143.0;386.0;3;0
2589;-110.0;-184.0;386.0;3;0
2590;-92.0;-266.0;386.0;3;0
2591;-95.0;-165.0;387.0;3;0
2592;-253.0;-49.0;388.0;3;0
2593;-134.0;-58.0;388.0;3;0
2594;-248.333;-141.333;387.667;3;0
2595;-245.0;-49.0;389.0;3;0
2596;-62.0;-77.0;389.0;3;0
2597;-129.0;-102.0;389.0;3;0
2598;-65.6667;-152.0;388.667;3;0
2599;-155.0;-177.0;389.0;3;0
2600;-50.0;-53.0;391.0;3;0
2601;-177.0;-127.0;391.0;3;0
2602;-268.0;-45.0;392.0;3;0
2603;-138.0;-234.0;393.0;3;0
2604;-256.0;-237.0;393.0;3;0
2605;-113.0;-38.0;394.0;3;0
2606;-45.0;-53.0;394.0;3;0
2607;-302.0;-257.0;394.0;3;0
2608;-239.667;-261.333;394.0;3;0
2609;-298.0;-266.0;394.0;3;0
2610;-61.3333;-286.667;393.333;3;0
2611;-288.667;-31.0;394.667;3;0
2612;-269.333;-39.3333;394.667;3;0
2613;-226.0;-44.0;395.0;3;0
2614;-200.0;-48.0;395.0;3;0
2615;-151.333;-53.6667;394.333;3;0
2616;-237.0;-132.0;395.0;3;0
2617;-105.0;-145.0;395.0;3;0
2618;-94.0;-179.0;395.0;3;0
2619;-171.667;-51.3333;396.0;3;0
2620;-232.667;-194.0;395.667;3;0
2621;-29.6667;-246.333;395.667;3;0
2622;-181.0;-44.0;397.0;3;0
2623;-115.0;-47.0;397.0;3;0
2624;-50.3333;-156.667;396.667;3;0
2625;-246.0;-272.0;397.0;3;0
2626;-179.0;-138.333;397.333;3;0
2627;-194.0;-171.0;398.0;3;0
2628;-129.333;-196.333;398.0;3;0
2629;-134.0;-247.0;398.0;3;0
2630;-79.3333;-253.0;397.333;3;0
2631;-71.0;-41.0;399.0;3;0
2632;-18.0;-88.0;400.0;3;0
2633;-144.333;-110.667;399.667;3;0
2634;-154.0;-155.0;400.0;3;0
2635;-133.0;-194.0;400.0;3;0
2636;-32.0;-37.0;401.0;3;0
2637;-116.0;-211.0;401.0;3;0
2638;-177.0;-81.0;402.0;3;0
2639;-119.0;-218.0;402.0;3;0
2640;-230.0;-281.0;402.0;3;0
2641;-231.0;-35.0;403.0;3;0
2642;-19.0;-90.0;403.0;3;0
2643;-31.0;-178.0;403.0;3;0
2644;-215.333;-275.333;403.667;3;0
2645;-243.0;-279.0;404.0;3;0
2646;-44.0;-255.0;405.0;3;0
2647;-72.3333;-46.6667;405.667;3;0
2648;-41.0;-118.0;406.0;3;0
2649;-156.0;-122.0;406.0;3;0
2650;-61.0;-45.0;407.0;3;0
2651;-145.0;-161.0;407.0;3;0
2652;-104.0;-49.0;408.0;3;0
2653;-21.0;-131.0;408.0;3;0
2654;-19.0;-135.0;408.0;3;0
2655;-205.0;-242.0;408.0;3;0
2656;-202.0;-265.0;408.0;3;0
2657;-93.0;-51.0;409.0;3;0
2658;-229.0;-91.0;409.0;3;0
2659;-220.0;-95.0;409.0;3;0
2660;-299.0;-118.0;409.0;3;0
2661;-29.3333;-235.333;408.333;3;0
2662;-291.0;-269.0;409.0;3;0
2663;-64.0;-45.0;410.0;3;0
2664;-284.667;-84.6667;409.667;3;0
2665;-143.667;-183.667;409.333;3;0
2666;-39.6667;-233.667;409.333;3;0
2667;-25.3333;-75.6667;410.333;3;0
2668;-201.333;-184.667;410.667;3;0
2669;-143.0;-47.6667;411.667;3;0
2670;-247.0;-91.0;412.0;3;0
2671;-105.0;-52.0;413.0;3;0
2672;-230.0;-176.0;413.0;3;0
2673;-248.0;-236.0;413.0;3;0
2674;-61.0;-177.0;414.0;3;0
2675;-92.0;-199.0;414.0;3;0
2676;-225.667;-35.3333;414.667;3;0
2677;-265.0;-94.0;415.0;3;0
2678;-244.333;-204.333;414.333;3;0
2679;-151.333;-260.667;414.333;3;0
2680;-278.667;-108.667;415.333;3;0
2681;-308.333;-40.6667;417.667;3;0
2682;-18.0;-189.333;417.333;3;0
2683;-152.0;-262.333;417.667;3;0
2684;-142.0;-55.0;419.0;3;0
2685;-22.6667;-227.667;418.333;3;0
2686;-287.0;-278.0;419.0;3;0
2687;-195.0;-93.0;420.0;3;0
2688;-198.0;-94.0;420.0;3;0
2689;-86.0;-106.0;421.0;3;0
2690;-302.0;-131.0;421.0;3;0
2691;-81.0;-178.0;421.0;3;0
2692;-271.667;-159.333;422.667;3;0
2693;-201.0;-162.0;424.0;3;0
2694;-239.0;-181.0;424.0;3;0
2695;-70.0;-244.0;424.0;3;0
2696;-20.6667;-40.3333;425.0;3;0
2697;-289.0;-126.0;425.0;3;0
2698;-163.0;-79.6667;425.667;3;0
2699;-219.333;-139.667;426.0;3;0
2700;-287.0;-199.0;426.0;3;0
2701;-245.0;-223.667;425.333;3;0
2702;-271.0;-39.0;427.0;3;0
2703;-23.0;-72.6667;426.333;3;0
2704;-225.667;-136.333;426.667;3;0
2705;-159.0;-63.0;428.0;3;0
2706;-115.0;-162.0;428.0;3;0
2707;-83.0;-281.0;428.0;3;0
2708;-165.0;-62.0;429.0;3;0
2709;-78.0;-278.0;429.0;3;0
2710;-179.333;-47.0;429.667;3;0
2711;-47.0;-174.0;430.0;3;0
2712;-165.0;-211.0;430.0;3;0
2713;-143.333;-108.333;430.667;3;0
2714;-285.0;-156.0;432.0;3;0
2715;-75.3333;-42.0;432.667;3;0
2716;-209.0;-70.0;433.0;3;0
2717;-119.667;-130.333;432.667;3;0
2718;-70.3333;-262.667;432.667;3;0
2719;-303.0;-280.0;433.0;3;0
2720;-228.667;-60.6667;433.667;3;0
2721;-123.0;-138.0;434.0;3;0
2722;-129.0;-182.0;434.0;3;0
2723;-157.667;-199.667;433.667;3;0
2724;-64.6667;-227.333;433.333;3;0
2725;-243.0;-176.0;435.0;3;0
2726;-123.0;-279.0;435.0;3;0
2727;-58.0;-85.0;436.0;3;0
2728;-126.0;-206.0;436.0;3;0
2729;-152.333;-278.667;435.667;3;0
2730;-113.667;-39.6667;436.667;3;0
2731;-286.0;-61.0;437.0;3;0
2732;-116.0;-76.0;437.0;3;0
2733;-27.6667;-124.667;436.667;3;0
2734;-104.0;-125.0;437.0;3;0
2735;-288.0;-59.0;438.0;3;0
2736;-50.3333;-110.333;437.333;3;0
2737;-134.0;-212.0;439.0;3;0
2738;-204.333;-246.667;438.667;3;0
2739;-20.0;-78.0;440.0;3;0
2740;-101.0;-105.0;440.0;3;0
2741;-235.333;-109.0;439.667;3;0
2742;-132.0;-208.0;440.0;3;0
2743;-39.0;-105.0;441.0;3;0
2744;-249.0;-118.0;441.0;3;0
2745;-90.3333;-166.667;440.667;3;0
2746;-289.333;-273.333;440.333;3;0
2747;-307.0;-202.0;442.0;3;0
2748;-249.0;-228.0;443.0;3;0
2749;-112.0;-233.0;443.0;3;0
2750;-168.0;-265.0;443.0;3;0
2751;-301.667;-53.6667;444.0;3;0
2752;-69.0;-142.0;444.0;3;0
2753;-39.0;-192.0;444.0;3;0
2754;-124.0;-257.333;443.333;3;0
2755;-292.333;-162.0;444.667;3;0
2756;-232.0;-283.0;445.0;3;0
2757;-248.667;-30.3333;445.667;3;0
2758;-202.0;-232.0;446.0;3;0
2759;-175.0;-280.0;446.0;3;0
2760;-168.667;-54.3333;446.333;3;0
2761;-279.0;-86.0;447.0;3;0
2762;-123.0;-254.0;447.0;3;0
2763;-74.0;-250.0;448.0;3;0
2764;-153.0;-262.0;448.0;3;0
2765;-146.0;-266.0;448.0;3;0
2766;-159.0;-158.0;449.0;3;0
2767;-185.0;-284.0;449.0;3;0
2768;-238.0;-176.0;450.0;3;0
2769;-226.0;-256.0;450.0;3;0
2770;-306.0;-267.0;450.0;3;0
2771;-307.0;-96.0;451.0;3;0
2772;-130.0;-198.333;450.333;3;0
2773;-299.0;-264.0;451.0;3;0
2774;-150.0;-49.0;452.0;3;0
2775;-204.333;-156.0;451.333;3;0
2776;-129.333;-263.333;453.0;3;0
2777;-132.0;-39.0;454.0;3;0
2778;-162.667;-56.3333;453.333;3;0
2779;-52.0;-136.0;454.0;3;0
2780;-280.0;-140.0;454.0;3;0
2781;-158.0;-249.0;454.0;3;0
2782;-23.0;-255.333;453.333;3;0
2783;-74.0;-282.0;454.0;3;0
2784;-150.0;-104.0;455.0;3;0
2785;-15.0;-130.0;455.0;3;0
2786;-230.667;-42.6667;455.333;3;0
2787;-285.333;-210.667;455.667;3;0
2788;-62.0;-223.0;456.0;3;0
2789;-294.0;-259.0;456.0;3;0
2790;-257.0;-106.0;457.0;3;0
2791;-250.333;-158.333;456.333;3;0
2792;-251.667;-258.333;457.0;3;0
2793;-128.0;-274.0;457.0;3;0
2794;-74.0;-278.0;457.0;3;0
2795;-16.0;-223.0;458.0;3;0
2796;-30.3333;-38.0;458.667;3;0
2797;-171.667;-91.6667;459.0;3;0
2798;-101.667;-222.333;459.0;3;0
2799;-212.0;-107.0;460.0;3;0
2800;-75.0;-250.333;459.333;3;0
2801;-61.6667;-59.3333;460.333;3;0
2802;-71.0;-79.6667;460.333;3;0
2803;-219.667;-100.333;460.333;3;0
2804;-276.0;-196.0;461.0;3;0
2805;-308.0;-216.0;461.0;3;0
2806;-135.333;-94.6667;462.333;3;0
2807;-41.0;-283.0;463.0;3;0
2808;-67.0;-34.0;464.0;3;0
2809;-19.0;-74.0;464.0;3;0
2810;-254.0;-149.0;464.0;3;0
2811;-226.0;-207.0;464.0;3;0
2812;-280.0;-259.0;464.0;3;0
2813;-194.667;-130.667;464.333;3;0
2814;-307.0;-160.0;465.0;3;0
2815;-298.0;-211.0;465.0;3;0
2816;-72.3333;-218.667;464.333;3;0
2817;-134.333;-95.6667;465.667;3;0
2818;-275.0;-177.667;465.333;3;0
2819;-195.667;-159.333;466.667;3;0
2820;-80.0;-188.0;467.0;3;0
2821;-243.0;-55.0;469.0;3;0
2822;-9.0;-201.333;468.667;3;0
2823;-243.0;-61.0;470.0;3;0
2824;-187.0;-102.0;470.0;3;0
2825;-53.3333;-34.0;470.333;3;0
2826;-206.0;-115.0;471.0;3;0
2827;-271.0;-122.0;471.0;3;0
2828;-176.667;-174.333;470.333;3;0
2829;-52.3333;-192.0;470.333;3;0
2830;-302.667;-155.667;471.667;3;0
2831;-233.0;-199.667;472.333;3;0
2832;-247.333;-52.6667;474.667;3;0
2833;-98.0;-69.0;475.0;3;0
2834;-219.0;-87.0;475.0;3;0
2835;-126.0;-185.0;475.0;3;0
2836;-11.3333;-191.333;474.333;3;0
2837;-285.0;-265.0;475.0;3;0
2838;-108.0;-281.0;475.0;3;0
2839;-208.0;-91.0;476.0;3;0
2840;-68.0;-136.0;476.0;3;0
2841;-180.0;-203.0;476.0;3;0
2842;-182.0;-208.667;475.667;3;0
2843;-284.0;-228.0;476.0;3;0
2844;-228.0;-82.0;477.0;3;0
2845;-156.0;-192.0;477.0;3;0
2846;-110.0;-257.0;477.0;3;0
2847;-220.0;-44.0;478.0;3;0
2848;-162.667;-151.333;477.333;3;0
2849;-216.5;-246.167;476.667;4;0
2850;-28.0;-279.0;478.0;3;0
2851;-295.667;-147.667;478.333;3;0
2852;-48.0;-158.0;480.0;3;0
2853;-129.0;-108.0;481.0;3;0
2854;-148.0;-149.0;481.0;3;0
2855;-224.0;-166.0;481.0;3;0
2856;-49.3333;-137.667;481.667;3;0
2857;-80.3333;-36.3333;482.333;3;0
2858;-115.667;-71.6667;482.333;3;0
2859;-217.333;-158.667;482.333;3;0
2860;-148.0;-241.0;483.0;3;0
2861;-234.0;-259.0;483.0;3;0
2862;-10.0;-57.0;484.0;3;0
2863;-293.0;-145.0;484.0;3;0
2864;-206.0;-31.0;485.0;3;0
2865;-299.0;-62.0;485.0;3;0
2866;-13.0;-189.0;485.0;3;0
2867;-136.0;-122.0;486.0;3;0
2868;-299.0;-203.0;486.0;3;0
2869;-22.6667;-228.667;485.667;3;0
2870;-295.0;-275.0;486.0;3;0
2871;-236.0;-279.0;486.0;3;0
2872;-188.0;-51.0;487.0;3;0
2873;-305.667;-63.3333;486.333;3;0
2874;-32.0;-124.0;487.0;3;0
2875;-218.333;-155.333;486.333;3;0
2876;-152.0;-185.0;487.0;3;0
2877;-200.0;-33.0;488.0;3;0
2878;-298.0;-46.0;488.0;3;0
2879;-159.0;-75.0;488.0;3;0
2880;-68.6667;-249.667;487.667;3;0
2881;-105.667;-258.333;487.667;3;0
2882;-146.0;-174.0;489.0;3;0
2883;-73.3333;-231.333;488.333;3;0
2884;-159.0;-40.0;490.0;3;0
2885;-193.0;-127.0;490.0;3;0
2886;-164.667;-255.667;489.667;3;0
2887;-77.0;-95.0;491.0;3;0
2888;-25.3333;-155.333;490.667;3;0
2889;-66.3333;-246.667;490.667;3;0
2890;-66.0;-251.0;491.0;3;0
2891;-129.0;-40.0;492.0;3;0
2892;-294.0;-45.0;492.0;3;0
2893;-52.6667;-63.6667;491.333;3;0
2894;-94.3333;-116.667;491.667;3;0
2895;-285.0;-142.0;492.0;3;0
2896;-213.0;-186.0;492.0;3;0
2897;-66.3333;-89.3333;492.333;3;0
2898;-97.3333;-111.333;493.0;3;0
2899;-269.333;-41.6667;495.0;3;0
2900;-38.0;-206.0;495.0;3;0
2901;-49.0;-282.0;495.0;3;0
2902;-160.0;-69.0;496.0;3;0
2903;-267.0;-94.0;496.0;3;0
2904;-304.0;-124.0;496.0;3;0
2905;-174.0;-169.0;496.0;3;0
2906;-126.0;-187.667;495.667;3;0
2907;-85.3333;-219.667;495.667;3;0
2908;-133.0;-38.0;497.0;3;0
2909;-282.0;-41.0;497.0;3;0
2910;-292.333;-76.3333;496.667;3;0
2911;-89.0;-125.0;497.0;3;0
2912;-157.0;-279.0;497.0;3;0
2913;-290.0;-195.0;499.0;3;0
2914;-59.3333;-202.667;498.333;3;0
2915;-103.0;-231.0;499.0;3;0
2916;-201.0;-273.0;499.0;3;0
2917;-310.333;-60.3333;499.667;3;0
2918;-152.0;-195.0;500.0;3;0
2919;-151.0;-250.0;500.0;3;0
2920;-61.6667;-257.333;499.333;3;0
2921;-174.0;-160.0;501.0;3;0
2922;-200.0;-275.0;501.0;3;0
2923;-105.0;-219.0;502.0;3;0
2924;-265.667;-156.333;502.333;3;0
2925;-306.0;-189.0;503.0;3;0
2926;-236.0;-211.0;503.0;3;0
2927;-55.0;-264.0;503.0;3;0
2928;-252.333;-188.333;503.333;3;0
2929;-256.333;-266.0;503.333;3;0
2930;-246.0;-122.0;505.0;3;0
2931;-48.0;-151.0;505.0;3;0
2932;-187.333;-67.3333;505.333;3;0
2933;-73.3333;-125.667;506.0;3;0
2934;-124.0;-202.0;506.0;3;0
2935;-295.333;-252.667;505.667;3;0
2936;-229.0;-147.667;506.667;3;0
2937;-199.333;-97.6667;507.333;3;0
2938;-179.0;-208.0;509.0;3;0
2939;-305.667;-44.3333;509.667;3;0
2940;-20.6667;-38.3333;510.333;3;0
2941;-298.0;-220.333;510.667;3;0
2942;-46.0;-270.0;511.0;3;0
2943;-305.0;-51.0;512.0;3;0
2944;-273.0;-71.0;513.0;3;0
2945;-232.0;-87.0;513.0;3;0
2946;-227.0;-133.0;513.0;3;0
2947;-235.0;-207.667;512.667;3;0
2948;-267.0;-99.0;514.0;3;0
2949;-56.0;-125.0;514.0;3;0
2950;-54.0;-188.0;514.0;3;0
2951;-63.6667;-36.0;514.667;3;0
2952;-252.0;-38.0;515.0;3;0
2953;-59.0;-81.0;516.0;3;0
2954;-233.333;-40.0;516.333;3;0
2955;-160.0;-120.0;517.0;3;0
2956;-122.0;-244.0;517.0;3;0
2957;-131.0;-39.0;518.0;3;0
2958;-134.0;-92.0;518.0;3;0
2959;-214.0;-104.0;518.0;3;0
2960;-203.333;-224.333;517.667;3;0
2961;-43.6667;-274.667;517.333;3;0
2962;-90.0;-54.0;519.0;3;0
2963;-219.333;-98.6667;519.333;3;0
2964;-149.667;-281.333;519.333;3;0
2965;-299.0;-57.0;521.0;3;0
2966;-189.0;-213.0;521.0;3;0
2967;-212.0;-127.0;522.0;3;0
2968;-140.0;-241.0;522.0;3;0
2969;-288.0;-61.0;523.0;3;0
2970;-140.333;-218.333;523.0;3;0
2971;-257.333;-277.667;522.667;3;0
2972;-124.0;-93.0;524.0;3;0
2973;-197.0;-177.0;524.0;3;0
2974;-19.0;-205.333;523.667;3;0
2975;-212.0;-246.0;524.0;3;0
2976;-53.0;-166.0;525.0;3;0
2977;-20.0;-152.0;526.0;3;0
2978;-31.6667;-47.6667;526.667;3;0
2979;-79.0;-136.0;527.0;3;0
2980;-170.0;-159.0;527.0;3;0
2981;-233.0;-176.0;527.0;3;0
2982;-60.0;-265.0;527.0;3;0
2983;-162.333;-62.3333;527.667;3;0
2984;-95.3333;-64.6667;527.333;3;0
2985;-214.0;-121.0;528.0;3;0
2986;-122.667;-165.667;527.667;3;0
2987;-42.6667;-40.0;528.333;3;0
2988;-67.0;-92.0;529.0;3;0
2989;-170.0;-152.0;529.0;3;0
2990;-62.0;-280.0;529.0;3;0
2991;-44.0;-282.0;529.0;3;0
2992;-192.0;-199.0;530.0;3;0
2993;-178.0;-286.0;530.0;3;0
2994;-201.667;-71.3333;530.667;3;0
2995;-298.0;-202.0;531.0;3;0
2996;-27.3333;-217.333;530.667;3;0
2997;-265.0;-55.0;532.0;3;0
2998;-226.0;-141.0;532.0;3;0
2999;-233.0;-179.0;532.0;3;0
3000;-225.0;-214.0;533.0;3;0
3001;-305.667;-278.667;532.667;3;0
3002;-279.333;-150.667;533.667;3;0
3003;-164.333;-33.6667;534.667;3;0
3004;-297.0;-117.0;535.0;3;0
3005;-239.0;-288.0;536.0;3;0
3006;-19.0;-55.0;537.0;3;0
3007;-158.0;-56.0;537.0;3;0
3008;-296.333;-124.667;536.333;3;0
3009;-172.0;-204.333;536.333;3;0
3010;-12.0;-243.667;536.333;3;0
3011;-302.0;-275.0;537.0;3;0
3012;-42.6667;-282.0;536.667;3;0
3013;-229.0;-48.0;538.0;3;0
3014;-40.3333;-118.333;537.667;3;0
3015;-189.0;-200.0;538.0;3;0
3016;-203.667;-257.333;537.333;3;0
3017;-155.0;-47.0;539.0;3;0
3018;-182.0;-62.0;539.0;3;0
3019;-303.667;-160.333;539.0;3;0
3020;-271.667;-118.333;539.333;3;0
3021;-28.0;-141.0;540.0;3;0
3022;-79.6667;-171.333;539.333;3;0
3023;-195.0;-201.0;540.0;3;0
3024;-205.667;-291.667;539.333;3;0
3025;-232.0;-46.0;541.0;3;0
3026;-37.0;-117.0;541.0;3;0
3027;-231.0;-142.333;540.667;3;0
3028;-53.0;-212.0;541.0;3;0
3029;-190.0;-55.0;542.0;3;0
3030;-36.0;-120.0;542.0;3;0
3031;-69.0;-171.0;542.0;3;0
3032;-34.3333;-123.667;543.0;2;0
3033;-33.3333;-126.667;543.0;2;0
3034;-178.0;-202.0;543.0;3;0
3035;-301.0;-272.0;543.0;3;0
3036;-30.6667;-137.667;543.333;3;0
3037;-261.0;-239.0;544.0;3;0
3038;-142.0;-34.0;545.0;3;0
3039;-136.0;-188.0;545.0;3;0
3040;-296.333;-109.0;545.333;3;0
3041;-80.0;-188.0;546.0;3;0
3042;-307.333;-221.333;545.333;3;0
3043;-299.0;-269.0;546.0;3;0
3044;-122.5;-280.0;546.0;4;0
3045;-166.0;-250.0;547.0;3;0
3046;-38.0;-93.0;548.0;3;0
3047;-273.667;-142.0;547.333;3;0
3048;-253.0;-235.0;548.0;3;0
3049;-200.0;-255.0;548.0;3;0
3050;-87.0;-272.0;548.0;3;0
3051;-111.333;-277.333;548.0;3;0
3052;-269.0;-53.0;549.0;3;0
3053;-158.0;-115.0;549.0;3;0
3054;-224.333;-156.333;548.333;3;0
3055;-163.333;-102.333;549.667;3;0
3056;-76.0;-117.0;550.0;3;0
3057;-221.667;-160.667;549.667;3;0
3058;-130.333;-189.0;549.333;3;0
3059;-297.0;-201.0;550.0;3;0
3060;-58.3333;-208.667;549.667;3;0
3061;-23.3333;-75.3333;550.667;3;0
3062;-279.667;-138.667;550.333;3;0
3063;-93.3333;-270.0;550.333;3;0
3064;-228.333;-108.0;551.333;3;0
3065;-105.0;-241.0;552.0;3;0
3066;-110.0;-36.0;553.0;3;0
3067;-46.6667;-283.0;552.667;3;0
3068;-293.0;-56.0;554.0;3;0
3069;-91.3333;-194.333;553.333;3;0
3070;-81.3333;-234.667;553.333;3;0
3071;-277.333;-258.667;553.667;3;0
3072;-91.6667;-78.3333;554.667;3;0
3073;-188.667;-96.3333;554.333;3;0
3074;-285.0;-145.0;555.0;3;0
3075;-168.667;-256.333;554.667;3;0
3076;-38.6667;-85.3333;555.667;3;0
3077;-186.0;-98.0;556.0;3;0
3078;-280.667;-261.667;555.333;3;0
3079;-277.667;-276.667;556.0;3;0
3080;-125.0;-115.0;557.0;3;0
3081;-264.667;-117.333;556.667;3;0
3082;-185.0;-147.0;557.0;3;0
3083;-180.333;-149.0;556.333;3;0
3084;-136.0;-157.0;557.0;3;0
3085;-50.0;-178.0;557.0;3;0
3086;-241.0;-100.0;558.0;3;0
3087;-120.0;-116.0;558.0;3;0
3088;-303.0;-192.0;558.0;3;0
3089;-69.0;-238.0;558.0;3;0
3090;-89.6667;-143.667;558.333;3;0
3091;-305.333;-270.333;558.667;3;0
3092;-156.0;-60.0;560.0;3;0
3093;-48.3333;-79.6667;560.0;3;0
3094;-21.3333;-87.6667;559.667;3;0
3095;-66.6667;-92.6667;559.333;3;0
3096;-32.3333;-147.333;559.667;3;0
3097;-95.6667;-235.0;559.333;3;0
3098;-298.0;-39.0;561.0;3;0
3099;-295.667;-56.6667;560.667;3;0
3100;-215.0;-165.0;561.0;3;0
3101;-42.3333;-182.333;561.333;3;0
3102;-308.0;-200.0;562.0;3;0
3103;-108.0;-207.0;562.0;3;0
3104;-306.667;-237.0;561.667;3;0
3105;-92.0;-272.0;562.0;3;0
3106;-208.667;-42.0;562.333;3;0
3107;-297.0;-49.0;563.0;3;0
3108;-42.3333;-74.3333;562.333;3;0
3109;-198.0;-160.0;563.0;3;0
3110;-212.333;-238.333;563.333;3;0
3111;-184.667;-145.333;564.667;3;0
3112;-283.667;-202.667;564.667;3;0
3113;-45.6667;-222.333;564.333;3;0
3114;-157.0;-63.0;566.0;3;0
3115;-207.0;-193.0;566.0;3;0
3116;-244.0;-86.0;567.0;3;0
3117;-181.5;-146.5;566.5;4;0
3118;-158.667;-147.0;566.667;3;0
3119;-298.0;-180.0;567.0;3;0
3120;-290.0;-278.0;567.0;3;0
3121;-126.0;-110.0;568.0;3;0
3122;-303.667;-204.333;567.667;3;0
3123;-121.0;-212.0;568.0;3;0
3124;-97.0;-228.0;568.0;3;0
3125;-153.0;-147.0;569.0;3;0
3126;-130.0;-201.0;569.0;3;0
3127;-29.0;-235.0;569.0;3;0
3128;-188.0;-280.0;569.0;3;0
3129;-260.0;-248.0;570.0;3;0
3130;-59.3333;-285.667;569.667;3;0
3131;-304.0;-97.0;571.0;3;0
3132;-189.0;-284.0;571.0;3;0
3133;-140.667;-59.0;571.333;3;0
3134;-40.3333;-65.6667;571.333;3;0
3135;-81.0;-122.0;572.0;3;0
3136;-297.0;-139.0;572.0;3;0
3137;-292.0;-198.0;572.0;3;0
3138;-172.0;-214.0;572.0;3;0
3139;-292.0;-259.0;572.0;3;0
3140;-250.0;-44.6667;572.667;3;0
3141;-300.333;-57.0;572.667;2;0
3142;-77.0;-33.0;574.0;3;0
3143;-10.0;-71.0;574.0;3;0
3144;-26.0;-199.0;574.0;3;0
3145;-192.0;-206.0;574.0;3;0
3146;-303.0;-56.0;575.0;2;0
3147;-305.0;-87.3333;574.333;3;0
3148;-294.0;-109.0;575.0;3;0
3149;-102.0;-173.0;575.0;3;0
3150;-294.333;-194.333;574.667;3;0
3151;-171.333;-218.333;574.667;3;0
3152;-196.667;-287.333;574.333;3;0
3153;-188.0;-41.0;576.0;3;0
3154;-304.0;-47.0;576.0;3;0
3155;-307.667;-56.3333;575.667;3;0
3156;-239.0;-81.0;576.0;3;0
3157;-262.0;-207.0;576.0;3;0
3158;-174.333;-221.333;575.333;3;0
3159;-26.3333;-160.333;576.667;3;0
3160;-57.0;-166.0;577.0;3;0
3161;-136.0;-235.0;577.0;3;0
3162;-119.333;-69.3333;577.333;3;0
3163;-118.0;-82.0;578.0;3;0
3164;-185.0;-109.0;578.0;3;0
3165;-23.6667;-267.667;577.333;3;0
3166;-201.0;-284.0;578.0;3;0
3167;-182.0;-38.0;579.0;3;0
3168;-34.6667;-50.3333;578.667;3;0
3169;-299.0;-120.0;579.0;3;0
3170;-189.0;-138.0;579.0;3;0
3171;-256.0;-209.0;579.0;3;0
3172;-208.0;-249.333;578.667;3;0
3173;-199.0;-286.0;579.0;3;0
3174;-208.0;-54.0;580.0;3;0
3175;-248.667;-125.333;579.667;3;0
3176;-251.667;-257.333;579.333;3;0
3177;-142.0;-276.0;580.0;3;0
3178;-191.0;-151.5;580.5;4;0
3179;-202.0;-201.0;581.0;3;0
3180;-197.667;-208.333;580.667;4;0
3181;-194.0;-210.0;581.0;3;0
3182;-170.333;-83.6667;582.0;3;0
3183;-228.0;-160.0;582.0;3;0
3184;-130.0;-162.0;582.0;3;0
3185;-268.667;-182.0;581.333;3;0
3186;-68.3333;-214.333;581.667;3;0
3187;-100.667;-30.0;582.667;3;0
3188;-13.3333;-108.667;582.333;3;0
3189;-234.0;-215.0;583.0;3;0
3190;-168.333;-160.667;583.667;3;0
3191;-201.333;-211.333;583.667;3;0
3192;-175.333;-266.333;584.0;3;0
3193;-102.333;-62.3333;584.667;3;0
3194;-185.0;-136.0;585.0;3;0
3195;-23.0;-161.0;585.0;3;0
3196;-189.333;-133.167;584.667;2;0
